{"name_project":"1637142917215","create_time":1637142917215,"id":"id_1637142917215","width_screen":1080,"height_screen":1776,"type_collage":3,"path_background":"\/data\/user\/0\/com.TTT.collagemaker.photoeditor.layout.photocollage\/files\/draft\/id_1637142917215\/background.png","matrix_background":"0.9,0.0,54.0,0.0,0.9,337.20004,0.0,0.0,1.0","sticker":[{"lock":true,"type":"frame","path_bitmap":"\/data\/user\/0\/com.TTT.collagemaker.photoeditor.layout.photocollage\/files\/draft\/id_1637142917215\/sticker\/bitmap0.png","path_mask":"\/data\/user\/0\/com.TTT.collagemaker.photoeditor.layout.photocollage\/files\/draft\/id_1637142917215\/sticker\/mask0.png","path_frame":"\/data\/user\/0\/com.TTT.collagemaker.photoeditor.layout.photocollage\/files\/draft\/id_1637142917215\/sticker\/frame0.png","matrix_crop":"1.279781,0.0,-42.781677,0.0,1.279781,-152.47104,0.0,0.0,1.0","matrix":"0.35458374,0.0,149.00757,0.0,0.5147569,446.97656,0.0,0.0,1.0"},{"lock":true,"type":"frame","path_bitmap":"\/data\/user\/0\/com.TTT.collagemaker.photoeditor.layout.photocollage\/files\/draft\/id_1637142917215\/sticker\/bitmap1.png","path_mask":"\/data\/user\/0\/com.TTT.collagemaker.photoeditor.layout.photocollage\/files\/draft\/id_1637142917215\/sticker\/mask1.png","path_frame":"\/data\/user\/0\/com.TTT.collagemaker.photoeditor.layout.photocollage\/files\/draft\/id_1637142917215\/sticker\/frame1.png","matrix_crop":"1.9409539,0.0,-55.424393,0.0,1.9409539,-77.80911,0.0,0.0,1.0","matrix":"0.35326907,0.0,550.00305,0.0,0.2509223,446.97656,0.0,0.0,1.0"},{"lock":true,"type":"frame","path_bitmap":"\/data\/user\/0\/com.TTT.collagemaker.photoeditor.layout.photocollage\/files\/draft\/id_1637142917215\/sticker\/bitmap2.png","path_mask":"\/data\/user\/0\/com.TTT.collagemaker.photoeditor.layout.photocollage\/files\/draft\/id_1637142917215\/sticker\/mask2.png","path_frame":"\/data\/user\/0\/com.TTT.collagemaker.photoeditor.layout.photocollage\/files\/draft\/id_1637142917215\/sticker\/frame2.png","matrix_crop":"2.2085888,0.0,-122.57666,0.0,2.2085888,0.0,0.0,0.0,1.0","matrix":"0.35326907,0.0,550.00305,0.0,0.2509223,736.92236,0.0,0.0,1.0"},{"lock":false,"type":"drawable","path_drawable":"\/data\/user\/0\/com.TTT.collagemaker.photoeditor.layout.photocollage\/files\/draft\/id_1637142917215\/sticker\/drawable3.png","matrix":"0.7884473,0.0,407.54083,0.0,0.7884473,609.70404,0.0,0.0,1.0","color_fill":-1},{"lock":false,"type":"drawable","path_drawable":"\/data\/user\/0\/com.TTT.collagemaker.photoeditor.layout.photocollage\/files\/draft\/id_1637142917215\/sticker\/drawable4.png","matrix":"0.69771737,0.0,342.54602,0.0,0.69771737,901.74866,0.0,0.0,1.0","color_fill":-1},{"lock":false,"type":"drawable","path_drawable":"\/data\/user\/0\/com.TTT.collagemaker.photoeditor.layout.photocollage\/files\/draft\/id_1637142917215\/sticker\/drawable5.png","matrix":"0.74152666,0.0,330.14795,0.0,0.74152666,446.97656,0.0,0.0,1.0","color_fill":-1},{"lock":false,"type":"text","matrix":"0.4697009,0.0,486.97656,0.0,0.4697009,678.8065,0.0,0.0,1.0","content":"TRAVEL\nTHE\nWORLD","sizePx":60,"fontPosition":0,"fontName":"\/data\/user\/0\/com.TTT.collagemaker.photoeditor.layout.photocollage\/files\/font\/JosefinSans-ExtraLight.ttf","alignment":2,"isLower":true,"isBold":false,"isUnderline":false,"isItalic":false,"spacing":0,"lineHeight":29.200000762939453,"textOpacity":255,"colorShadow":0,"blurShadow":80,"offsetX":10,"offsetY":5,"shadowPosition":0,"borderPosition":0,"colorBorder":0,"sizeBorder":5,"backgroundOpacity":255,"paddingBackgroundX":0,"paddingBackgroundY":0,"roundBackground":0,"curve":0,"gradientPosition":0,"angleGradientText":0,"palettePosition":0,"colorText":-16777216,"colorPosition":0,"colorBackgroundPosition":0,"colorBackground":0,"gradientBackgroundPosition":0,"angleGradientBackground":90,"colorBorderBackground":0,"colorBorderBackgroundPosition":0,"borderBackgroundOpacity":255,"sizeBorderBackground":3,"isLock":false}]}