{"name_project":"1651725323424","create_time":1651725323424,"id":"id_1651725323424","width_screen":1080,"height_screen":1486,"type_collage":3,"path_background":"\/data\/user\/0\/com.TTT.collagemaker.photoeditor.layout.photocollage\/files\/draft\/id_1651725323424\/background.png","matrix_background":"0.9,0.0,54.0,0.0,0.9,354.19998,0.0,0.0,1.0","sticker":[{"lock":true,"type":"drawable","path_drawable":"\/data\/user\/0\/com.TTT.collagemaker.photoeditor.layout.photocollage\/files\/draft\/id_1651725323424\/sticker\/drawable0.png","matrix":"0.721417,0.0,54.0,0.0,0.721417,354.19998,0.0,0.0,1.0","color_fill":0},{"lock":false,"type":"text","matrix":"1.6940314,0.37654778,313.87982,-0.37654778,1.6940314,383.7933,0.0,0.0,1.0","content":"Favorite","sizePx":60,"fontPosition":0,"fontName":"\/data\/user\/0\/com.TTT.collagemaker.photoeditor.layout.photocollage\/files\/font\/Moonlight Regular.otf","alignment":2,"isLower":true,"isBold":false,"isUnderline":false,"isItalic":false,"spacing":0,"lineHeight":20,"textOpacity":255,"colorShadow":0,"blurShadow":80,"offsetX":10,"offsetY":5,"shadowPosition":0,"borderPosition":0,"colorBorder":0,"sizeBorder":5,"backgroundOpacity":255,"paddingBackgroundX":0,"paddingBackgroundY":0,"roundBackground":0,"curve":0,"gradientPosition":0,"angleGradientText":0,"palettePosition":0,"colorText":-16777216,"colorPosition":0,"colorBackgroundPosition":0,"colorBackground":0,"gradientBackgroundPosition":0,"angleGradientBackground":90,"colorBorderBackground":0,"colorBorderBackgroundPosition":0,"borderBackgroundOpacity":255,"sizeBorderBackground":3,"isLock":false},{"lock":false,"type":"frame","path_bitmap":"\/data\/user\/0\/com.TTT.collagemaker.photoeditor.layout.photocollage\/files\/draft\/id_1651725323424\/sticker\/bitmap2.png","path_mask":"\/data\/user\/0\/com.TTT.collagemaker.photoeditor.layout.photocollage\/files\/draft\/id_1651725323424\/sticker\/mask2.png","path_frame":"\/data\/user\/0\/com.TTT.collagemaker.photoeditor.layout.photocollage\/files\/draft\/id_1651725323424\/sticker\/frame2.png","matrix_crop":"1.0809524,0.0,-27.5,0.0,1.0809524,0.0,0.0,0.0,1.0","matrix":"0.19234489,0.035550173,157.54654,-0.035550173,0.19234489,551.6943,0.0,0.0,1.0"},{"lock":false,"type":"frame","path_bitmap":"\/data\/user\/0\/com.TTT.collagemaker.photoeditor.layout.photocollage\/files\/draft\/id_1651725323424\/sticker\/bitmap3.png","path_mask":"\/data\/user\/0\/com.TTT.collagemaker.photoeditor.layout.photocollage\/files\/draft\/id_1651725323424\/sticker\/mask3.png","path_frame":"\/data\/user\/0\/com.TTT.collagemaker.photoeditor.layout.photocollage\/files\/draft\/id_1651725323424\/sticker\/frame3.png","matrix_crop":"1.0809524,0.0,-27.5,0.0,1.0809524,0.0,0.0,0.0,1.0","matrix":"0.20139943,-0.03774211,213.2329,0.03774211,0.20139943,772.72906,0.0,0.0,1.0"},{"lock":false,"type":"frame","path_bitmap":"\/data\/user\/0\/com.TTT.collagemaker.photoeditor.layout.photocollage\/files\/draft\/id_1651725323424\/sticker\/bitmap4.png","path_mask":"\/data\/user\/0\/com.TTT.collagemaker.photoeditor.layout.photocollage\/files\/draft\/id_1651725323424\/sticker\/mask4.png","path_frame":"\/data\/user\/0\/com.TTT.collagemaker.photoeditor.layout.photocollage\/files\/draft\/id_1651725323424\/sticker\/frame4.png","matrix_crop":"1.0809524,0.0,-27.5,0.0,1.0809524,0.0,0.0,0.0,1.0","matrix":"0.20490533,-4.7029247E-10,448.7,4.7029247E-10,0.20490533,831.5986,0.0,0.0,1.0"},{"lock":false,"type":"frame","path_bitmap":"\/data\/user\/0\/com.TTT.collagemaker.photoeditor.layout.photocollage\/files\/draft\/id_1651725323424\/sticker\/bitmap5.png","path_mask":"\/data\/user\/0\/com.TTT.collagemaker.photoeditor.layout.photocollage\/files\/draft\/id_1651725323424\/sticker\/mask5.png","path_frame":"\/data\/user\/0\/com.TTT.collagemaker.photoeditor.layout.photocollage\/files\/draft\/id_1651725323424\/sticker\/frame5.png","matrix_crop":"1.0809524,0.0,-27.5,0.0,1.0809524,0.0,0.0,0.0,1.0","matrix":"0.19234489,0.035550173,622.7923,-0.035550173,0.19234489,594.1039,0.0,0.0,1.0"},{"lock":false,"type":"frame","path_bitmap":"\/data\/user\/0\/com.TTT.collagemaker.photoeditor.layout.photocollage\/files\/draft\/id_1651725323424\/sticker\/bitmap6.png","path_mask":"\/data\/user\/0\/com.TTT.collagemaker.photoeditor.layout.photocollage\/files\/draft\/id_1651725323424\/sticker\/mask6.png","path_frame":"\/data\/user\/0\/com.TTT.collagemaker.photoeditor.layout.photocollage\/files\/draft\/id_1651725323424\/sticker\/frame6.png","matrix_crop":"1.4342858,0.0,0.0,0.0,1.4342858,-213.0,0.0,0.0,1.0","matrix":"1.7432067E-4,-0.19285938,622.5298,0.1898493,-1.7430026E-4,526.5023,0.0,0.0,1.0"},{"lock":false,"type":"frame","path_bitmap":"\/data\/user\/0\/com.TTT.collagemaker.photoeditor.layout.photocollage\/files\/draft\/id_1651725323424\/sticker\/bitmap7.png","path_mask":"\/data\/user\/0\/com.TTT.collagemaker.photoeditor.layout.photocollage\/files\/draft\/id_1651725323424\/sticker\/mask7.png","path_frame":"\/data\/user\/0\/com.TTT.collagemaker.photoeditor.layout.photocollage\/files\/draft\/id_1651725323424\/sticker\/frame7.png","matrix_crop":"5.885714,0.0,0.0,0.0,5.885714,-2550.0,0.0,0.0,1.0","matrix":"-4.396482E-4,0.08737441,707.1356,-0.044654828,-8.6024305E-4,1019.8958,0.0,0.0,1.0"},{"lock":false,"type":"drawable","path_drawable":"\/data\/user\/0\/com.TTT.collagemaker.photoeditor.layout.photocollage\/files\/draft\/id_1651725323424\/sticker\/drawable8.png","matrix":"-0.0050682086,0.03539525,207.67575,-0.03539525,-0.0050682086,567.4817,0.0,0.0,1.0","color_fill":0},{"lock":false,"type":"drawable","path_drawable":"\/data\/user\/0\/com.TTT.collagemaker.photoeditor.layout.photocollage\/files\/draft\/id_1651725323424\/sticker\/drawable9.png","matrix":"-0.019040952,0.007967131,620.5342,-0.007967131,-0.019040952,608.9363,0.0,0.0,1.0","color_fill":0},{"lock":false,"type":"drawable","path_drawable":"\/data\/user\/0\/com.TTT.collagemaker.photoeditor.layout.photocollage\/files\/draft\/id_1651725323424\/sticker\/drawable10.png","matrix":"-0.04095413,-7.463229E-4,824.7899,7.463229E-4,-0.04095413,971.4627,0.0,0.0,1.0","color_fill":0},{"lock":false,"type":"drawable","path_drawable":"\/data\/user\/0\/com.TTT.collagemaker.photoeditor.layout.photocollage\/files\/draft\/id_1651725323424\/sticker\/drawable11.png","matrix":"-0.04095413,-7.463229E-4,225.49203,7.463229E-4,-0.04095413,945.50665,0.0,0.0,1.0","color_fill":0},{"lock":false,"type":"drawable","path_drawable":"\/data\/user\/0\/com.TTT.collagemaker.photoeditor.layout.photocollage\/files\/draft\/id_1651725323424\/sticker\/drawable12.png","matrix":"-9.224182E-10,0.04096093,622.79236,-0.04096093,-9.224182E-10,1042.0146,0.0,0.0,1.0","color_fill":0},{"lock":false,"type":"text","matrix":"1.6940314,0.37654778,485.21985,-0.37654778,1.6940314,430.39432,0.0,0.0,1.0","content":"Memories","sizePx":60,"fontPosition":0,"fontName":"\/data\/user\/0\/com.TTT.collagemaker.photoeditor.layout.photocollage\/files\/font\/Moonlight Regular.otf","alignment":2,"isLower":true,"isBold":false,"isUnderline":false,"isItalic":false,"spacing":0,"lineHeight":20,"textOpacity":255,"colorShadow":0,"blurShadow":80,"offsetX":10,"offsetY":5,"shadowPosition":0,"borderPosition":0,"colorBorder":0,"sizeBorder":5,"backgroundOpacity":255,"paddingBackgroundX":0,"paddingBackgroundY":0,"roundBackground":0,"curve":0,"gradientPosition":0,"angleGradientText":0,"palettePosition":0,"colorText":-16777216,"colorPosition":0,"colorBackgroundPosition":0,"colorBackground":0,"gradientBackgroundPosition":0,"angleGradientBackground":90,"colorBorderBackground":0,"colorBorderBackgroundPosition":0,"borderBackgroundOpacity":255,"sizeBorderBackground":3,"isLock":false}]}