{"name_project":"1637159325085","create_time":1637159325085,"id":"id_1637159325085","width_screen":1080,"height_screen":1776,"type_collage":3,"path_background":"\/data\/user\/0\/com.TTT.collagemaker.photoeditor.layout.photocollage\/files\/draft\/id_1637159325085\/background.png","matrix_background":"0.9,0.0,54.0,0.0,0.9,337.20004,0.0,0.0,1.0","sticker":[{"lock":false,"type":"drawable","path_drawable":"\/data\/user\/0\/com.TTT.collagemaker.photoeditor.layout.photocollage\/files\/draft\/id_1637159325085\/sticker\/drawable0.png","matrix":"1.0987935,0.0,-53.34851,0.0,1.0987935,337.20004,0.0,0.0,1.0","color_fill":0},{"lock":false,"type":"drawable","path_drawable":"\/data\/user\/0\/com.TTT.collagemaker.photoeditor.layout.photocollage\/files\/draft\/id_1637159325085\/sticker\/drawable1.png","matrix":"0.19271584,0.0,111.97485,0.0,0.19271584,877.6044,0.0,0.0,1.0","color_fill":-1},{"lock":false,"type":"drawable","path_drawable":"\/data\/user\/0\/com.TTT.collagemaker.photoeditor.layout.photocollage\/files\/draft\/id_1637159325085\/sticker\/drawable2.png","matrix":"0.19271584,0.0,755.56433,0.0,0.19271584,877.6044,0.0,0.0,1.0","color_fill":-1},{"lock":false,"type":"frame","path_bitmap":"\/data\/user\/0\/com.TTT.collagemaker.photoeditor.layout.photocollage\/files\/draft\/id_1637159325085\/sticker\/bitmap3.png","path_mask":"\/data\/user\/0\/com.TTT.collagemaker.photoeditor.layout.photocollage\/files\/draft\/id_1637159325085\/sticker\/mask3.png","path_frame":"\/data\/user\/0\/com.TTT.collagemaker.photoeditor.layout.photocollage\/files\/draft\/id_1637159325085\/sticker\/frame3.png","matrix_crop":"3.4423149,0.0,-559.17847,0.0,3.4423149,-24.536285,0.0,0.0,1.0","matrix":"0.18072762,0.0,762.03796,0.0,0.18072762,884.07794,0.0,0.0,1.0"},{"lock":false,"type":"frame","path_bitmap":"\/data\/user\/0\/com.TTT.collagemaker.photoeditor.layout.photocollage\/files\/draft\/id_1637159325085\/sticker\/bitmap4.png","path_mask":"\/data\/user\/0\/com.TTT.collagemaker.photoeditor.layout.photocollage\/files\/draft\/id_1637159325085\/sticker\/mask4.png","path_frame":"\/data\/user\/0\/com.TTT.collagemaker.photoeditor.layout.photocollage\/files\/draft\/id_1637159325085\/sticker\/frame4.png","matrix_crop":"3.323077,0.0,-269.16925,0.0,3.323077,0.0,0.0,0.0,1.0","matrix":"0.18072762,0.0,118.4485,0.0,0.18072762,884.07794,0.0,0.0,1.0"},{"lock":false,"type":"text","matrix":"1.8349985,0.0,325.44772,0.0,1.8349985,604.36,0.0,0.0,1.0","content":"Sandra & Bima","sizePx":60,"fontPosition":0,"fontName":"\/data\/user\/0\/com.TTT.collagemaker.photoeditor.layout.photocollage\/files\/font\/Brittany Angella-signature.ttf","alignment":2,"isLower":true,"isBold":false,"isUnderline":false,"isItalic":false,"spacing":0,"lineHeight":20,"textOpacity":255,"colorShadow":0,"blurShadow":80,"offsetX":10,"offsetY":5,"shadowPosition":0,"borderPosition":0,"colorBorder":0,"sizeBorder":5,"backgroundOpacity":255,"paddingBackgroundX":0,"paddingBackgroundY":0,"roundBackground":0,"curve":0,"gradientPosition":0,"angleGradientText":0,"palettePosition":0,"colorText":-1,"colorPosition":1,"colorBackgroundPosition":0,"colorBackground":0,"gradientBackgroundPosition":0,"angleGradientBackground":90,"colorBorderBackground":0,"colorBorderBackgroundPosition":0,"borderBackgroundOpacity":255,"sizeBorderBackground":3,"isLock":false},{"lock":false,"type":"text","matrix":"0.50338995,0.0,417.52435,0.0,0.49698532,570.4747,0.0,0.0,1.0","content":"THE WEDDING OF","sizePx":60,"fontPosition":0,"fontName":"\/data\/user\/0\/com.TTT.collagemaker.photoeditor.layout.photocollage\/files\/font\/OpenSans-Light.ttf","alignment":2,"isLower":true,"isBold":false,"isUnderline":false,"isItalic":false,"spacing":0,"lineHeight":20,"textOpacity":255,"colorShadow":0,"blurShadow":80,"offsetX":10,"offsetY":5,"shadowPosition":0,"borderPosition":0,"colorBorder":0,"sizeBorder":5,"backgroundOpacity":255,"paddingBackgroundX":0,"paddingBackgroundY":0,"roundBackground":0,"curve":0,"gradientPosition":0,"angleGradientText":0,"palettePosition":0,"colorText":-1,"colorPosition":1,"colorBackgroundPosition":0,"colorBackground":0,"gradientBackgroundPosition":0,"angleGradientBackground":90,"colorBorderBackground":0,"colorBorderBackgroundPosition":0,"borderBackgroundOpacity":255,"sizeBorderBackground":3,"isLock":false}]}