{"name_project":"1652070476489","create_time":1652070476489,"id":"id_1652070476489","width_screen":1080,"height_screen":1486,"type_collage":3,"path_background":"\/data\/user\/0\/com.TTT.collagemaker.photoeditor.layout.photocollage\/files\/draft\/id_1652070476489\/background.png","matrix_background":"0.9,0.0,54.0,0.0,0.9,354.19998,0.0,0.0,1.0","sticker":[{"lock":false,"type":"drawable","path_drawable":"\/data\/user\/0\/com.TTT.collagemaker.photoeditor.layout.photocollage\/files\/draft\/id_1652070476489\/sticker\/drawable0.png","matrix":"0.7247782,0.0,54.0,0.0,0.7247782,354.19998,0.0,0.0,1.0","color_fill":0},{"lock":false,"type":"drawable","path_drawable":"\/data\/user\/0\/com.TTT.collagemaker.photoeditor.layout.photocollage\/files\/draft\/id_1652070476489\/sticker\/drawable1.png","matrix":"0.3336847,0.0,241.5004,0.0,0.1745066,418.99994,0.0,0.0,1.0","color_fill":-1},{"lock":false,"type":"drawable","path_drawable":"\/data\/user\/0\/com.TTT.collagemaker.photoeditor.layout.photocollage\/files\/draft\/id_1652070476489\/sticker\/drawable2.png","matrix":"0.3336847,0.0,569.5687,0.0,0.1745066,873.7073,0.0,0.0,1.0","color_fill":-1},{"lock":false,"type":"frame","path_mask":"\/data\/user\/0\/com.TTT.collagemaker.photoeditor.layout.photocollage\/files\/draft\/id_1652070476489\/sticker\/mask3.png","path_frame":"\/data\/user\/0\/com.TTT.collagemaker.photoeditor.layout.photocollage\/files\/draft\/id_1652070476489\/sticker\/frame3.png","matrix_crop":"0.7702406,0.0,-102.466805,0.0,0.7702406,-148.48973,0.0,0.0,1.0","matrix":"0.2734175,0.0,569.5687,0.0,0.17427032,873.96265,0.0,0.0,1.0"},{"lock":false,"type":"frame","path_mask":"\/data\/user\/0\/com.TTT.collagemaker.photoeditor.layout.photocollage\/files\/draft\/id_1652070476489\/sticker\/mask4.png","path_frame":"\/data\/user\/0\/com.TTT.collagemaker.photoeditor.layout.photocollage\/files\/draft\/id_1652070476489\/sticker\/frame4.png","matrix_crop":"0.77365077,0.0,-112.43765,0.0,0.77365077,-87.545654,0.0,0.0,1.0","matrix":"0.2734175,0.0,306.589,0.0,0.17427032,418.99994,0.0,0.0,1.0"},{"lock":false,"type":"frame","path_mask":"\/data\/user\/0\/com.TTT.collagemaker.photoeditor.layout.photocollage\/files\/draft\/id_1652070476489\/sticker\/mask5.png","path_frame":"\/data\/user\/0\/com.TTT.collagemaker.photoeditor.layout.photocollage\/files\/draft\/id_1652070476489\/sticker\/frame5.png","matrix_crop":"0.7364627,0.0,-49.427452,0.0,0.7364627,-116.534164,0.0,0.0,1.0","matrix":"0.5170443,0.0,306.589,0.0,0.3161629,569.0119,0.0,0.0,1.0"}]}