{"name_project":"1638119400410","create_time":1638119400410,"id":"id_1638119400410","width_screen":1080,"height_screen":1452,"type_collage":3,"path_background":"\/data\/user\/0\/com.TTT.collagemaker.photoeditor.layout.photocollage\/files\/draft\/id_1638119400410\/background.png","matrix_background":"0.9,0.0,54.0,0.0,0.9,337.20004,0.0,0.0,1.0","sticker":[{"lock":false,"type":"frame","path_bitmap":"\/data\/user\/0\/com.TTT.collagemaker.photoeditor.layout.photocollage\/files\/draft\/id_1638119400410\/sticker\/bitmap0.png","path_mask":"\/data\/user\/0\/com.TTT.collagemaker.photoeditor.layout.photocollage\/files\/draft\/id_1638119400410\/sticker\/mask0.png","path_frame":"\/data\/user\/0\/com.TTT.collagemaker.photoeditor.layout.photocollage\/files\/draft\/id_1638119400410\/sticker\/frame0.png","matrix_crop":"2.0487366,0.0,-309.2013,0.0,2.0487366,0.0,0.0,0.0,1.0","matrix":"0.4276735,0.0,309.05634,0.0,0.4276735,483.29535,0.0,0.0,1.0"},{"lock":false,"type":"drawable","path_drawable":"\/data\/user\/0\/com.TTT.collagemaker.photoeditor.layout.photocollage\/files\/draft\/id_1638119400410\/sticker\/drawable1.png","matrix":"0.7017311,0.0,137.82632,0.0,0.7017311,642.19196,0.0,0.0,1.0","color_fill":0},{"lock":false,"type":"drawable","path_drawable":"\/data\/user\/0\/com.TTT.collagemaker.photoeditor.layout.photocollage\/files\/draft\/id_1638119400410\/sticker\/drawable2.png","matrix":"1.1282797,0.0,178.44583,0.0,1.1282797,603.8304,0.0,0.0,1.0","color_fill":0},{"lock":false,"type":"drawable","path_drawable":"\/data\/user\/0\/com.TTT.collagemaker.photoeditor.layout.photocollage\/files\/draft\/id_1638119400410\/sticker\/drawable3.png","matrix":"1.0269828,0.0,806.5638,0.0,1.0269828,741.0683,0.0,0.0,1.0","color_fill":0},{"lock":false,"type":"drawable","path_drawable":"\/data\/user\/0\/com.TTT.collagemaker.photoeditor.layout.photocollage\/files\/draft\/id_1638119400410\/sticker\/drawable4.png","matrix":"1.3214214,0.0,619.62756,0.0,1.3214214,1035.1859,0.0,0.0,1.0","color_fill":0},{"lock":false,"type":"drawable","path_drawable":"\/data\/user\/0\/com.TTT.collagemaker.photoeditor.layout.photocollage\/files\/draft\/id_1638119400410\/sticker\/drawable5.png","matrix":"3.1664884,0.0,371.3462,0.0,3.1664884,981.3556,0.0,0.0,1.0","color_fill":0},{"lock":false,"type":"drawable","path_drawable":"\/data\/user\/0\/com.TTT.collagemaker.photoeditor.layout.photocollage\/files\/draft\/id_1638119400410\/sticker\/drawable6.png","matrix":"0.9921334,0.0,828.68176,0.0,0.9921334,947.62305,0.0,0.0,1.0","color_fill":0},{"lock":false,"type":"drawable","path_drawable":"\/data\/user\/0\/com.TTT.collagemaker.photoeditor.layout.photocollage\/files\/draft\/id_1638119400410\/sticker\/drawable7.png","matrix":"0.9921334,0.0,879.277,0.0,0.9921334,1018.31964,0.0,0.0,1.0","color_fill":0},{"lock":false,"type":"drawable","path_drawable":"\/data\/user\/0\/com.TTT.collagemaker.photoeditor.layout.photocollage\/files\/draft\/id_1638119400410\/sticker\/drawable8.png","matrix":"0.9942246,0.0,935.9288,0.0,0.9942246,428.03067,0.0,0.0,1.0","color_fill":0},{"lock":false,"type":"drawable","path_drawable":"\/data\/user\/0\/com.TTT.collagemaker.photoeditor.layout.photocollage\/files\/draft\/id_1638119400410\/sticker\/drawable9.png","matrix":"0.9942246,0.0,900.13666,0.0,0.9942246,570.02673,0.0,0.0,1.0","color_fill":0},{"lock":false,"type":"drawable","path_drawable":"\/data\/user\/0\/com.TTT.collagemaker.photoeditor.layout.photocollage\/files\/draft\/id_1638119400410\/sticker\/drawable10.png","matrix":"0.9942246,0.0,843.48486,0.0,0.9942246,483.29535,0.0,0.0,1.0","color_fill":0},{"lock":false,"type":"drawable","path_drawable":"\/data\/user\/0\/com.TTT.collagemaker.photoeditor.layout.photocollage\/files\/draft\/id_1638119400410\/sticker\/drawable11.png","matrix":"0.9942246,0.0,918.0327,0.0,0.9942246,797.874,0.0,0.0,1.0","color_fill":0},{"lock":false,"type":"drawable","path_drawable":"\/data\/user\/0\/com.TTT.collagemaker.photoeditor.layout.photocollage\/files\/draft\/id_1638119400410\/sticker\/drawable12.png","matrix":"0.9942246,0.0,260.04056,0.0,0.9942246,553.12494,0.0,0.0,1.0","color_fill":0},{"lock":false,"type":"drawable","path_drawable":"\/data\/user\/0\/com.TTT.collagemaker.photoeditor.layout.photocollage\/files\/draft\/id_1638119400410\/sticker\/drawable13.png","matrix":"0.9942246,0.0,410.44693,0.0,0.9942246,411.12885,0.0,0.0,1.0","color_fill":0},{"lock":false,"type":"drawable","path_drawable":"\/data\/user\/0\/com.TTT.collagemaker.photoeditor.layout.photocollage\/files\/draft\/id_1638119400410\/sticker\/drawable14.png","matrix":"0.9942246,0.0,643.41315,0.0,0.9942246,394.22702,0.0,0.0,1.0","color_fill":0},{"lock":false,"type":"drawable","path_drawable":"\/data\/user\/0\/com.TTT.collagemaker.photoeditor.layout.photocollage\/files\/draft\/id_1638119400410\/sticker\/drawable15.png","matrix":"0.9942246,0.0,178.44583,0.0,0.9942246,797.874,0.0,0.0,1.0","color_fill":0},{"lock":false,"type":"drawable","path_drawable":"\/data\/user\/0\/com.TTT.collagemaker.photoeditor.layout.photocollage\/files\/draft\/id_1638119400410\/sticker\/drawable16.png","matrix":"0.9942246,0.0,789.7967,0.0,0.9942246,337.20004,0.0,0.0,1.0","color_fill":0},{"lock":false,"type":"drawable","path_drawable":"\/data\/user\/0\/com.TTT.collagemaker.photoeditor.layout.photocollage\/files\/draft\/id_1638119400410\/sticker\/drawable17.png","matrix":"2.0958815,0.0,523.2329,0.0,2.0958815,411.12885,0.0,0.0,1.0","color_fill":0},{"lock":false,"type":"drawable","path_drawable":"\/data\/user\/0\/com.TTT.collagemaker.photoeditor.layout.photocollage\/files\/draft\/id_1638119400410\/sticker\/drawable18.png","matrix":"2.0958815,0.0,773.02966,0.0,2.0958815,411.12885,0.0,0.0,1.0","color_fill":0},{"lock":false,"type":"drawable","path_drawable":"\/data\/user\/0\/com.TTT.collagemaker.photoeditor.layout.photocollage\/files\/draft\/id_1638119400410\/sticker\/drawable19.png","matrix":"2.0958815,0.0,756.26263,0.0,2.0958815,1018.31964,0.0,0.0,1.0","color_fill":0},{"lock":false,"type":"drawable","path_drawable":"\/data\/user\/0\/com.TTT.collagemaker.photoeditor.layout.photocollage\/files\/draft\/id_1638119400410\/sticker\/drawable20.png","matrix":"1.8835293,0.0,122.75809,0.0,1.8835293,710.9318,0.0,0.0,1.0","color_fill":0},{"lock":false,"type":"drawable","path_drawable":"\/data\/user\/0\/com.TTT.collagemaker.photoeditor.layout.photocollage\/files\/draft\/id_1638119400410\/sticker\/drawable21.png","matrix":"1.8835293,0.0,122.75809,0.0,1.8835293,917.4866,0.0,0.0,1.0","color_fill":0},{"lock":false,"type":"drawable","path_drawable":"\/data\/user\/0\/com.TTT.collagemaker.photoeditor.layout.photocollage\/files\/draft\/id_1638119400410\/sticker\/drawable22.png","matrix":"1.8835293,0.0,128.78539,0.0,1.8835293,923.51385,0.0,0.0,1.0","color_fill":0},{"lock":false,"type":"drawable","path_drawable":"\/data\/user\/0\/com.TTT.collagemaker.photoeditor.layout.photocollage\/files\/draft\/id_1638119400410\/sticker\/drawable23.png","matrix":"1.0572611,0.0,128.78539,0.0,1.0572611,360.08206,0.0,0.0,1.0","color_fill":0}]}