{"name_project":"1651738172027","create_time":1651738172027,"id":"id_1651738172027","width_screen":1080,"height_screen":1486,"type_collage":6,"path_background":"\/data\/user\/0\/com.TTT.collagemaker.photoeditor.layout.photocollage\/files\/draft\/id_1651738172027\/background.png","matrix_background":"0.743,0.0,138.77998,0.0,0.743,141.17003,0.0,0.0,1.0","sticker":[{"lock":false,"type":"drawable","path_drawable":"\/data\/user\/0\/com.TTT.collagemaker.photoeditor.layout.photocollage\/files\/draft\/id_1651738172027\/sticker\/drawable0.png","matrix":"0.74502087,0.0,138.77998,0.0,0.74502087,141.17003,0.0,0.0,1.0","color_fill":0},{"lock":false,"type":"drawable","path_drawable":"\/data\/user\/0\/com.TTT.collagemaker.photoeditor.layout.photocollage\/files\/draft\/id_1651738172027\/sticker\/drawable1.png","matrix":"0.18328096,0.0,138.77998,0.0,0.18328096,1164.2001,0.0,0.0,1.0","color_fill":0},{"lock":false,"type":"frame","path_bitmap":"\/data\/user\/0\/com.TTT.collagemaker.photoeditor.layout.photocollage\/files\/draft\/id_1651738172027\/sticker\/bitmap2.png","path_mask":"\/data\/user\/0\/com.TTT.collagemaker.photoeditor.layout.photocollage\/files\/draft\/id_1651738172027\/sticker\/mask2.png","path_frame":"\/data\/user\/0\/com.TTT.collagemaker.photoeditor.layout.photocollage\/files\/draft\/id_1651738172027\/sticker\/frame2.png","matrix_crop":"1.2352381,0.0,0.0,0.0,1.2352381,-108.5,0.0,0.0,1.0","matrix":"0.17376983,-0.041239988,657.26025,0.041239988,0.17376983,368.71143,0.0,0.0,1.0"},{"lock":false,"type":"frame","path_bitmap":"\/data\/user\/0\/com.TTT.collagemaker.photoeditor.layout.photocollage\/files\/draft\/id_1651738172027\/sticker\/bitmap3.png","path_mask":"\/data\/user\/0\/com.TTT.collagemaker.photoeditor.layout.photocollage\/files\/draft\/id_1651738172027\/sticker\/mask3.png","path_frame":"\/data\/user\/0\/com.TTT.collagemaker.photoeditor.layout.photocollage\/files\/draft\/id_1651738172027\/sticker\/frame3.png","matrix_crop":"1.2352381,0.0,0.0,0.0,1.2352381,-108.5,0.0,0.0,1.0","matrix":"0.2029346,0.030853208,391.73618,-0.030853208,0.2029346,352.29755,0.0,0.0,1.0"},{"lock":false,"type":"frame","path_bitmap":"\/data\/user\/0\/com.TTT.collagemaker.photoeditor.layout.photocollage\/files\/draft\/id_1651738172027\/sticker\/bitmap4.png","path_mask":"\/data\/user\/0\/com.TTT.collagemaker.photoeditor.layout.photocollage\/files\/draft\/id_1651738172027\/sticker\/mask4.png","path_frame":"\/data\/user\/0\/com.TTT.collagemaker.photoeditor.layout.photocollage\/files\/draft\/id_1651738172027\/sticker\/frame4.png","matrix_crop":"1.2352381,0.0,0.0,0.0,1.2352381,-108.5,0.0,0.0,1.0","matrix":"0.14829601,-0.018612094,238.04005,0.012114141,0.16366789,417.39774,0.0,0.0,1.0"},{"lock":false,"type":"frame","path_bitmap":"\/data\/user\/0\/com.TTT.collagemaker.photoeditor.layout.photocollage\/files\/draft\/id_1651738172027\/sticker\/bitmap5.png","path_mask":"\/data\/user\/0\/com.TTT.collagemaker.photoeditor.layout.photocollage\/files\/draft\/id_1651738172027\/sticker\/mask5.png","path_frame":"\/data\/user\/0\/com.TTT.collagemaker.photoeditor.layout.photocollage\/files\/draft\/id_1651738172027\/sticker\/frame5.png","matrix_crop":"1.0809524,0.0,-27.5,0.0,1.0809524,0.0,0.0,0.0,1.0","matrix":"0.2016761,0.029500997,198.51256,-0.029500997,0.2016761,644.4794,0.0,0.0,1.0"},{"lock":false,"type":"frame","path_bitmap":"\/data\/user\/0\/com.TTT.collagemaker.photoeditor.layout.photocollage\/files\/draft\/id_1651738172027\/sticker\/bitmap6.png","path_mask":"\/data\/user\/0\/com.TTT.collagemaker.photoeditor.layout.photocollage\/files\/draft\/id_1651738172027\/sticker\/mask6.png","path_frame":"\/data\/user\/0\/com.TTT.collagemaker.photoeditor.layout.photocollage\/files\/draft\/id_1651738172027\/sticker\/frame6.png","matrix_crop":"1.0809524,0.0,-27.5,0.0,1.0809524,0.0,0.0,0.0,1.0","matrix":"0.20326601,-0.015049375,290.51303,0.015049375,0.20326601,839.35895,0.0,0.0,1.0"},{"lock":false,"type":"frame","path_bitmap":"\/data\/user\/0\/com.TTT.collagemaker.photoeditor.layout.photocollage\/files\/draft\/id_1651738172027\/sticker\/bitmap7.png","path_mask":"\/data\/user\/0\/com.TTT.collagemaker.photoeditor.layout.photocollage\/files\/draft\/id_1651738172027\/sticker\/mask7.png","path_frame":"\/data\/user\/0\/com.TTT.collagemaker.photoeditor.layout.photocollage\/files\/draft\/id_1651738172027\/sticker\/frame7.png","matrix_crop":"1.0809524,0.0,-27.5,0.0,1.0809524,0.0,0.0,0.0,1.0","matrix":"0.22585206,-0.0026226407,452.78305,-0.0026226372,0.20413455,876.2142,0.0,0.0,1.0"},{"lock":false,"type":"frame","path_bitmap":"\/data\/user\/0\/com.TTT.collagemaker.photoeditor.layout.photocollage\/files\/draft\/id_1651738172027\/sticker\/bitmap8.png","path_mask":"\/data\/user\/0\/com.TTT.collagemaker.photoeditor.layout.photocollage\/files\/draft\/id_1651738172027\/sticker\/mask8.png","path_frame":"\/data\/user\/0\/com.TTT.collagemaker.photoeditor.layout.photocollage\/files\/draft\/id_1651738172027\/sticker\/frame8.png","matrix_crop":"1.0809524,0.0,-27.5,0.0,1.0809524,0.0,0.0,0.0,1.0","matrix":"0.21897332,0.045198254,603.7847,-0.055377863,0.19908519,659.9232,0.0,0.0,1.0"},{"lock":false,"type":"frame","path_bitmap":"\/data\/user\/0\/com.TTT.collagemaker.photoeditor.layout.photocollage\/files\/draft\/id_1651738172027\/sticker\/bitmap9.png","path_mask":"\/data\/user\/0\/com.TTT.collagemaker.photoeditor.layout.photocollage\/files\/draft\/id_1651738172027\/sticker\/mask9.png","path_frame":"\/data\/user\/0\/com.TTT.collagemaker.photoeditor.layout.photocollage\/files\/draft\/id_1651738172027\/sticker\/frame9.png","matrix_crop":"1.16,0.0,-69.0,0.0,1.16,0.0,0.0,0.0,1.0","matrix":"0.16099143,0.0,429.91403,0.0,0.25516787,552.77234,0.0,0.0,1.0"},{"lock":false,"type":"drawable","path_drawable":"\/data\/user\/0\/com.TTT.collagemaker.photoeditor.layout.photocollage\/files\/draft\/id_1651738172027\/sticker\/drawable10.png","matrix":"0.06942205,0.0,484.77475,0.0,0.06942205,515.2844,0.0,0.0,1.0","color_fill":0},{"lock":false,"type":"drawable","path_drawable":"\/data\/user\/0\/com.TTT.collagemaker.photoeditor.layout.photocollage\/files\/draft\/id_1651738172027\/sticker\/drawable11.png","matrix":"0.053943366,0.048959848,242.63652,-0.048959848,0.053943366,637.271,0.0,0.0,1.0","color_fill":0},{"lock":false,"type":"drawable","path_drawable":"\/data\/user\/0\/com.TTT.collagemaker.photoeditor.layout.photocollage\/files\/draft\/id_1651738172027\/sticker\/drawable12.png","matrix":"0.021735119,0.069530845,612.72107,-0.069530845,0.021735119,418.39996,0.0,0.0,1.0","color_fill":0},{"lock":false,"type":"drawable","path_drawable":"\/data\/user\/0\/com.TTT.collagemaker.photoeditor.layout.photocollage\/files\/draft\/id_1651738172027\/sticker\/drawable13.png","matrix":"0.061094016,0.03967965,516.84937,-0.03967965,0.061094016,1099.1405,0.0,0.0,1.0","color_fill":0},{"lock":false,"type":"drawable","path_drawable":"\/data\/user\/0\/com.TTT.collagemaker.photoeditor.layout.photocollage\/files\/draft\/id_1651738172027\/sticker\/drawable14.png","matrix":"0.015388577,0.07120495,254.1619,-0.07120495,0.015388577,874.5197,0.0,0.0,1.0","color_fill":0},{"lock":false,"type":"drawable","path_drawable":"\/data\/user\/0\/com.TTT.collagemaker.photoeditor.layout.photocollage\/files\/draft\/id_1651738172027\/sticker\/drawable15.png","matrix":"0.061685085,0.038754392,254.1619,-0.038754392,0.061685085,407.74734,0.0,0.0,1.0","color_fill":0},{"lock":false,"type":"drawable","path_drawable":"\/data\/user\/0\/com.TTT.collagemaker.photoeditor.layout.photocollage\/files\/draft\/id_1651738172027\/sticker\/drawable16.png","matrix":"0.06838074,0.025120243,747.68036,-0.025120243,0.06838074,608.16284,0.0,0.0,1.0","color_fill":0}]}