{"name_project":"1652242483547","create_time":1652242483547,"id":"id_1652242483547","width_screen":1080,"height_screen":1486,"type_collage":3,"path_background":"\/data\/user\/0\/com.TTT.collagemaker.photoeditor.layout.photocollage\/files\/draft\/id_1652242483547\/background.png","matrix_background":"0.9,0.0,54.0,0.0,0.9,354.19998,0.0,0.0,1.0","sticker":[{"lock":false,"type":"drawable","path_drawable":"\/data\/user\/0\/com.TTT.collagemaker.photoeditor.layout.photocollage\/files\/draft\/id_1652242483547\/sticker\/drawable0.png","matrix":"0.7219392,-2.0136658E-11,54.0,2.0136658E-11,0.7219392,354.19998,0.0,0.0,1.0","color_fill":0},{"lock":false,"type":"frame","path_mask":"\/data\/user\/0\/com.TTT.collagemaker.photoeditor.layout.photocollage\/files\/draft\/id_1652242483547\/sticker\/mask1.png","path_frame":"\/data\/user\/0\/com.TTT.collagemaker.photoeditor.layout.photocollage\/files\/draft\/id_1652242483547\/sticker\/frame1.png","matrix_crop":"1.0285715,0.0,0.0,0.0,1.0285715,0.0,0.0,0.0,1.0","matrix":"0.16097383,-0.024441663,206.46397,0.023371816,0.16834241,398.82748,0.0,0.0,1.0"},{"lock":false,"type":"frame","path_mask":"\/data\/user\/0\/com.TTT.collagemaker.photoeditor.layout.photocollage\/files\/draft\/id_1652242483547\/sticker\/mask2.png","path_frame":"\/data\/user\/0\/com.TTT.collagemaker.photoeditor.layout.photocollage\/files\/draft\/id_1652242483547\/sticker\/frame2.png","matrix_crop":"1.0285715,0.0,0.0,0.0,1.0285715,0.0,0.0,0.0,1.0","matrix":"0.17273319,-0.0023029414,450.69177,-0.001528047,0.17436899,422.50848,0.0,0.0,1.0"},{"lock":false,"type":"frame","path_mask":"\/data\/user\/0\/com.TTT.collagemaker.photoeditor.layout.photocollage\/files\/draft\/id_1652242483547\/sticker\/mask3.png","path_frame":"\/data\/user\/0\/com.TTT.collagemaker.photoeditor.layout.photocollage\/files\/draft\/id_1652242483547\/sticker\/frame3.png","matrix_crop":"1.0285715,0.0,0.0,0.0,1.0285715,0.0,0.0,0.0,1.0","matrix":"0.16513838,0.021071011,702.94495,-0.022507463,0.1671572,421.72485,0.0,0.0,1.0"},{"lock":false,"type":"frame","path_mask":"\/data\/user\/0\/com.TTT.collagemaker.photoeditor.layout.photocollage\/files\/draft\/id_1652242483547\/sticker\/mask4.png","path_frame":"\/data\/user\/0\/com.TTT.collagemaker.photoeditor.layout.photocollage\/files\/draft\/id_1652242483547\/sticker\/frame4.png","matrix_crop":"1.0285715,0.0,0.0,0.0,1.0285715,0.0,0.0,0.0,1.0","matrix":"0.16469221,-0.025006248,206.76886,0.024190309,0.17423785,856.1448,0.0,0.0,1.0"},{"lock":false,"type":"frame","path_mask":"\/data\/user\/0\/com.TTT.collagemaker.photoeditor.layout.photocollage\/files\/draft\/id_1652242483547\/sticker\/mask5.png","path_frame":"\/data\/user\/0\/com.TTT.collagemaker.photoeditor.layout.photocollage\/files\/draft\/id_1652242483547\/sticker\/frame5.png","matrix_crop":"1.0285715,0.0,0.0,0.0,1.0285715,0.0,0.0,0.0,1.0","matrix":"0.17285912,-0.002155084,449.76004,-0.0013413248,0.16958942,891.684,0.0,0.0,1.0"},{"lock":false,"type":"frame","path_mask":"\/data\/user\/0\/com.TTT.collagemaker.photoeditor.layout.photocollage\/files\/draft\/id_1652242483547\/sticker\/mask6.png","path_frame":"\/data\/user\/0\/com.TTT.collagemaker.photoeditor.layout.photocollage\/files\/draft\/id_1652242483547\/sticker\/frame6.png","matrix_crop":"1.0285715,0.0,0.0,0.0,1.0285715,0.0,0.0,0.0,1.0","matrix":"0.16797978,0.020469941,702.94495,-0.020469941,0.16797978,883.4582,0.0,0.0,1.0"}]}