{"name_project":"1636393590334","create_time":1636393590334,"id":"id_1636393590334","width_screen":1080,"height_screen":2131,"type_collage":6,"path_background":"\/data\/user\/0\/com.TTT.collagemaker.photoeditor.layout.photocollage\/files\/draft\/id_1636393590334\/background.png","matrix_background":"0.80999994,0.0,102.6,0.0,0.80999994,561.52997,0.0,0.0,1.0","sticker":[{"lock":false,"type":"drawable","path_drawable":"\/data\/user\/0\/com.TTT.collagemaker.photoeditor.layout.photocollage\/files\/draft\/id_1636393590334\/sticker\/drawable0.png","matrix":"1.0735207,-2.176974E-10,102.6,2.176974E-10,1.0735207,561.52997,0.0,0.0,1.0","color_fill":0},{"lock":true,"type":"frame","path_bitmap":"\/data\/user\/0\/com.TTT.collagemaker.photoeditor.layout.photocollage\/files\/draft\/id_1636393590334\/sticker\/bitmap1.png","path_mask":"\/data\/user\/0\/com.TTT.collagemaker.photoeditor.layout.photocollage\/files\/draft\/id_1636393590334\/sticker\/mask1.png","path_frame":"\/data\/user\/0\/com.TTT.collagemaker.photoeditor.layout.photocollage\/files\/draft\/id_1636393590334\/sticker\/frame1.png","matrix_crop":"2.1343873,0.0,-171.10474,0.0,2.1343873,0.0,0.0,0.0,1.0","matrix":"0.26974633,0.0,191.80893,0.0,0.26974633,623.9291,0.0,0.0,1.0"},{"lock":false,"type":"drawable","path_drawable":"\/data\/user\/0\/com.TTT.collagemaker.photoeditor.layout.photocollage\/files\/draft\/id_1636393590334\/sticker\/drawable2.png","matrix":"0.3524842,0.0,144.63022,0.0,0.3524842,889.464,0.0,0.0,1.0","color_fill":0},{"lock":false,"type":"frame","path_bitmap":"\/data\/user\/0\/com.TTT.collagemaker.photoeditor.layout.photocollage\/files\/draft\/id_1636393590334\/sticker\/bitmap3.png","path_mask":"\/data\/user\/0\/com.TTT.collagemaker.photoeditor.layout.photocollage\/files\/draft\/id_1636393590334\/sticker\/mask3.png","path_frame":"\/data\/user\/0\/com.TTT.collagemaker.photoeditor.layout.photocollage\/files\/draft\/id_1636393590334\/sticker\/frame3.png","matrix_crop":"1.7515432,0.0,-405.8333,0.0,1.7515432,0.0,0.0,0.0,1.0","matrix":"0.28607777,0.0,578.9348,0.0,0.28607777,732.1958,0.0,0.0,1.0"},{"lock":false,"type":"frame","path_bitmap":"\/data\/user\/0\/com.TTT.collagemaker.photoeditor.layout.photocollage\/files\/draft\/id_1636393590334\/sticker\/bitmap4.png","path_mask":"\/data\/user\/0\/com.TTT.collagemaker.photoeditor.layout.photocollage\/files\/draft\/id_1636393590334\/sticker\/mask4.png","path_frame":"\/data\/user\/0\/com.TTT.collagemaker.photoeditor.layout.photocollage\/files\/draft\/id_1636393590334\/sticker\/frame4.png","matrix_crop":"1.9501718,0.0,-30.425232,0.0,1.9501718,0.0,0.0,0.0,1.0","matrix":"0.26049834,0.0,331.84528,0.0,0.26049834,929.7715,0.0,0.0,1.0"},{"lock":false,"type":"drawable","path_drawable":"\/data\/user\/0\/com.TTT.collagemaker.photoeditor.layout.photocollage\/files\/draft\/id_1636393590334\/sticker\/drawable5.png","matrix":"0.43713632,0.0,789.8839,0.0,0.43713632,815.44525,0.0,0.0,1.0","color_fill":0},{"lock":true,"type":"drawable","path_drawable":"\/data\/user\/0\/com.TTT.collagemaker.photoeditor.layout.photocollage\/files\/draft\/id_1636393590334\/sticker\/drawable6.png","matrix":"0.08492531,0.0,650.3737,0.0,0.1122698,1104.1857,0.0,0.0,1.0","color_fill":-1},{"lock":true,"type":"drawable","path_drawable":"\/data\/user\/0\/com.TTT.collagemaker.photoeditor.layout.photocollage\/files\/draft\/id_1636393590334\/sticker\/drawable7.png","matrix":"0.08492988,0.0,650.38055,0.0,0.10066993,1104.2118,0.0,0.0,1.0","color_fill":-5465984},{"lock":false,"type":"drawable","path_drawable":"\/data\/user\/0\/com.TTT.collagemaker.photoeditor.layout.photocollage\/files\/draft\/id_1636393590334\/sticker\/drawable8.png","matrix":"0.08492988,0.0,753.81335,0.0,0.112275854,1104.1791,0.0,0.0,1.0","color_fill":-1},{"lock":false,"type":"drawable","path_drawable":"\/data\/user\/0\/com.TTT.collagemaker.photoeditor.layout.photocollage\/files\/draft\/id_1636393590334\/sticker\/drawable9.png","matrix":"0.084934466,0.0,753.78864,0.0,0.10067537,1104.243,0.0,0.0,1.0","color_fill":-2639190},{"lock":false,"type":"text","matrix":"0.6821082,0.32035685,765.8103,-0.32035685,0.6821082,632.36896,0.0,0.0,1.0","content":"my fave\nartist","sizePx":60,"fontPosition":0,"fontName":"\/data\/user\/0\/com.TTT.collagemaker.photoeditor.layout.photocollage\/files\/font\/MISTRAL.TTF","alignment":2,"isLower":true,"isBold":false,"isUnderline":false,"isItalic":false,"spacing":0,"lineHeight":-3.200000762939453,"textOpacity":255,"colorShadow":0,"blurShadow":80,"offsetX":10,"offsetY":5,"shadowPosition":0,"borderPosition":0,"colorBorder":0,"sizeBorder":5,"backgroundOpacity":255,"paddingBackgroundX":0,"paddingBackgroundY":0,"roundBackground":0,"curve":0,"gradientPosition":0,"angleGradientText":0,"palettePosition":0,"colorText":-16777216,"colorPosition":0,"colorBackgroundPosition":0,"colorBackground":0,"gradientBackgroundPosition":0,"angleGradientBackground":90,"colorBorderBackground":0,"colorBorderBackgroundPosition":0,"borderBackgroundOpacity":255,"sizeBorderBackground":3,"isLock":false},{"lock":false,"type":"drawable","path_drawable":"\/data\/user\/0\/com.TTT.collagemaker.photoeditor.layout.photocollage\/files\/draft\/id_1636393590334\/sticker\/drawable11.png","matrix":"0.17550872,-0.095777646,759.44366,0.095777646,0.17550872,661.9724,0.0,0.0,1.0","color_fill":0},{"lock":false,"type":"text","matrix":"0.65261996,0.090077884,191.27441,-0.090077884,0.65261996,920.0189,0.0,0.0,1.0","content":"new spaces","sizePx":60,"fontPosition":2,"fontName":"\/data\/user\/0\/com.TTT.collagemaker.photoeditor.layout.photocollage\/files\/font\/MISTRAL.TTF","alignment":2,"isLower":true,"isBold":false,"isUnderline":false,"isItalic":false,"spacing":0,"lineHeight":20,"textOpacity":255,"colorShadow":0,"blurShadow":80,"offsetX":10,"offsetY":5,"shadowPosition":0,"borderPosition":0,"colorBorder":0,"sizeBorder":5,"backgroundOpacity":255,"paddingBackgroundX":0,"paddingBackgroundY":0,"roundBackground":0,"curve":0,"gradientPosition":0,"angleGradientText":0,"palettePosition":0,"colorText":-16777216,"colorPosition":0,"colorBackgroundPosition":0,"colorBackground":0,"gradientBackgroundPosition":0,"angleGradientBackground":90,"colorBorderBackground":0,"colorBorderBackgroundPosition":0,"borderBackgroundOpacity":255,"sizeBorderBackground":3,"isLock":false},{"lock":false,"type":"text","matrix":"0.3390044,2.6286467E-10,187.70883,-2.6286467E-10,0.3390044,982.73096,0.0,0.0,1.0","content":"Intriguing art\nprints\nEarthenware \naccent pieces\nSoft lighting\nIndoor plants","sizePx":60,"fontPosition":0,"fontName":"\/data\/user\/0\/com.TTT.collagemaker.photoeditor.layout.photocollage\/files\/font\/anoxic-light-stencil.ttf","alignment":1,"isLower":true,"isBold":false,"isUnderline":false,"isItalic":false,"spacing":0,"lineHeight":36.400001525878906,"textOpacity":255,"colorShadow":0,"blurShadow":80,"offsetX":10,"offsetY":5,"shadowPosition":0,"borderPosition":0,"colorBorder":0,"sizeBorder":5,"backgroundOpacity":255,"paddingBackgroundX":0,"paddingBackgroundY":0,"roundBackground":0,"curve":0,"gradientPosition":0,"angleGradientText":0,"palettePosition":0,"colorText":-16777216,"colorPosition":0,"colorBackgroundPosition":0,"colorBackground":0,"gradientBackgroundPosition":0,"angleGradientBackground":90,"colorBorderBackground":0,"colorBorderBackgroundPosition":0,"borderBackgroundOpacity":255,"sizeBorderBackground":3,"isLock":false},{"lock":false,"type":"drawable","path_drawable":"\/data\/user\/0\/com.TTT.collagemaker.photoeditor.layout.photocollage\/files\/draft\/id_1636393590334\/sticker\/drawable14.png","matrix":"0.004914474,0.0,176.90302,0.0,0.004914474,990.6675,0.0,0.0,1.0","color_fill":-14604238},{"lock":false,"type":"drawable","path_drawable":"\/data\/user\/0\/com.TTT.collagemaker.photoeditor.layout.photocollage\/files\/draft\/id_1636393590334\/sticker\/drawable15.png","matrix":"0.004914692,0.0,176.90302,0.0,0.004914692,1042.0552,0.0,0.0,1.0","color_fill":-14604238},{"lock":false,"type":"drawable","path_drawable":"\/data\/user\/0\/com.TTT.collagemaker.photoeditor.layout.photocollage\/files\/draft\/id_1636393590334\/sticker\/drawable16.png","matrix":"0.004914911,0.0,176.59787,0.0,0.004914911,1092.9955,0.0,0.0,1.0","color_fill":-14604238},{"lock":false,"type":"drawable","path_drawable":"\/data\/user\/0\/com.TTT.collagemaker.photoeditor.layout.photocollage\/files\/draft\/id_1636393590334\/sticker\/drawable17.png","matrix":"0.0049151294,0.0,176.90302,0.0,0.0049151294,1121.8188,0.0,0.0,1.0","color_fill":-14604238},{"lock":false,"type":"drawable","path_drawable":"\/data\/user\/0\/com.TTT.collagemaker.photoeditor.layout.photocollage\/files\/draft\/id_1636393590334\/sticker\/drawable18.png","matrix":"0.14910243,0.021189572,366.73944,-0.021189572,0.14910243,1118.6555,0.0,0.0,1.0","color_fill":0}]}