{"name_project":"1637136449944","create_time":1637136449944,"id":"id_1637136449944","width_screen":1080,"height_screen":1776,"type_collage":3,"path_background":"\/data\/user\/0\/com.TTT.collagemaker.photoeditor.layout.photocollage\/files\/draft\/id_1637136449944\/background.png","matrix_background":"0.9,0.0,54.0,0.0,0.9,337.20004,0.0,0.0,1.0","sticker":[{"lock":true,"type":"frame","path_bitmap":"\/data\/user\/0\/com.TTT.collagemaker.photoeditor.layout.photocollage\/files\/draft\/id_1637136449944\/sticker\/bitmap0.png","path_mask":"\/data\/user\/0\/com.TTT.collagemaker.photoeditor.layout.photocollage\/files\/draft\/id_1637136449944\/sticker\/mask0.png","path_frame":"\/data\/user\/0\/com.TTT.collagemaker.photoeditor.layout.photocollage\/files\/draft\/id_1637136449944\/sticker\/frame0.png","matrix_crop":"3.9416058,0.0,0.0,0.0,3.9416058,0.0,0.0,0.0,1.0","matrix":"0.20165664,0.0,68.00757,0.0,0.20165664,368.19614,0.0,0.0,1.0"},{"lock":true,"type":"frame","path_bitmap":"\/data\/user\/0\/com.TTT.collagemaker.photoeditor.layout.photocollage\/files\/draft\/id_1637136449944\/sticker\/bitmap1.png","path_mask":"\/data\/user\/0\/com.TTT.collagemaker.photoeditor.layout.photocollage\/files\/draft\/id_1637136449944\/sticker\/mask1.png","path_frame":"\/data\/user\/0\/com.TTT.collagemaker.photoeditor.layout.photocollage\/files\/draft\/id_1637136449944\/sticker\/frame1.png","matrix_crop":"3.9416058,0.0,0.0,0.0,3.9416058,-1.9708252,0.0,0.0,1.0","matrix":"0.20165664,0.0,68.00757,0.0,0.20165664,617.10547,0.0,0.0,1.0"},{"lock":true,"type":"frame","path_bitmap":"\/data\/user\/0\/com.TTT.collagemaker.photoeditor.layout.photocollage\/files\/draft\/id_1637136449944\/sticker\/bitmap2.png","path_mask":"\/data\/user\/0\/com.TTT.collagemaker.photoeditor.layout.photocollage\/files\/draft\/id_1637136449944\/sticker\/mask2.png","path_frame":"\/data\/user\/0\/com.TTT.collagemaker.photoeditor.layout.photocollage\/files\/draft\/id_1637136449944\/sticker\/frame2.png","matrix_crop":"3.9416058,0.0,-1.9708252,0.0,3.9416058,0.0,0.0,0.0,1.0","matrix":"0.20165664,0.0,309.2085,0.0,0.20165664,617.10547,0.0,0.0,1.0"},{"lock":true,"type":"frame","path_bitmap":"\/data\/user\/0\/com.TTT.collagemaker.photoeditor.layout.photocollage\/files\/draft\/id_1637136449944\/sticker\/bitmap3.png","path_mask":"\/data\/user\/0\/com.TTT.collagemaker.photoeditor.layout.photocollage\/files\/draft\/id_1637136449944\/sticker\/mask3.png","path_frame":"\/data\/user\/0\/com.TTT.collagemaker.photoeditor.layout.photocollage\/files\/draft\/id_1637136449944\/sticker\/frame3.png","matrix_crop":"3.9416058,0.0,0.0,0.0,3.9416058,-1.9708252,0.0,0.0,1.0","matrix":"0.20165664,0.0,551.9971,0.0,0.20165664,617.10547,0.0,0.0,1.0"},{"lock":true,"type":"frame","path_bitmap":"\/data\/user\/0\/com.TTT.collagemaker.photoeditor.layout.photocollage\/files\/draft\/id_1637136449944\/sticker\/bitmap4.png","path_mask":"\/data\/user\/0\/com.TTT.collagemaker.photoeditor.layout.photocollage\/files\/draft\/id_1637136449944\/sticker\/mask4.png","path_frame":"\/data\/user\/0\/com.TTT.collagemaker.photoeditor.layout.photocollage\/files\/draft\/id_1637136449944\/sticker\/frame4.png","matrix_crop":"3.9416058,0.0,0.0,0.0,3.9416058,-1.9708252,0.0,0.0,1.0","matrix":"0.20165664,0.0,309.2085,0.0,0.20165664,867.61646,0.0,0.0,1.0"},{"lock":true,"type":"frame","path_bitmap":"\/data\/user\/0\/com.TTT.collagemaker.photoeditor.layout.photocollage\/files\/draft\/id_1637136449944\/sticker\/bitmap5.png","path_mask":"\/data\/user\/0\/com.TTT.collagemaker.photoeditor.layout.photocollage\/files\/draft\/id_1637136449944\/sticker\/mask5.png","path_frame":"\/data\/user\/0\/com.TTT.collagemaker.photoeditor.layout.photocollage\/files\/draft\/id_1637136449944\/sticker\/frame5.png","matrix_crop":"3.9416058,0.0,-1.9708252,0.0,3.9416058,0.0,0.0,0.0,1.0","matrix":"0.20165664,0.0,551.9971,0.0,0.20165664,867.61646,0.0,0.0,1.0"},{"lock":true,"type":"frame","path_bitmap":"\/data\/user\/0\/com.TTT.collagemaker.photoeditor.layout.photocollage\/files\/draft\/id_1637136449944\/sticker\/bitmap6.png","path_mask":"\/data\/user\/0\/com.TTT.collagemaker.photoeditor.layout.photocollage\/files\/draft\/id_1637136449944\/sticker\/mask6.png","path_frame":"\/data\/user\/0\/com.TTT.collagemaker.photoeditor.layout.photocollage\/files\/draft\/id_1637136449944\/sticker\/frame6.png","matrix_crop":"3.9416058,0.0,0.0,0.0,3.9416058,-1.9708252,0.0,0.0,1.0","matrix":"0.20165664,0.0,795.79095,0.0,0.20165664,867.61646,0.0,0.0,1.0"},{"lock":true,"type":"frame","path_bitmap":"\/data\/user\/0\/com.TTT.collagemaker.photoeditor.layout.photocollage\/files\/draft\/id_1637136449944\/sticker\/bitmap7.png","path_mask":"\/data\/user\/0\/com.TTT.collagemaker.photoeditor.layout.photocollage\/files\/draft\/id_1637136449944\/sticker\/mask7.png","path_frame":"\/data\/user\/0\/com.TTT.collagemaker.photoeditor.layout.photocollage\/files\/draft\/id_1637136449944\/sticker\/frame7.png","matrix_crop":"3.9416058,0.0,0.0,0.0,3.9416058,-1.9708252,0.0,0.0,1.0","matrix":"0.20165664,0.0,795.79095,0.0,0.20165664,368.19614,0.0,0.0,1.0"},{"lock":true,"type":"frame","path_bitmap":"\/data\/user\/0\/com.TTT.collagemaker.photoeditor.layout.photocollage\/files\/draft\/id_1637136449944\/sticker\/bitmap8.png","path_mask":"\/data\/user\/0\/com.TTT.collagemaker.photoeditor.layout.photocollage\/files\/draft\/id_1637136449944\/sticker\/mask8.png","path_frame":"\/data\/user\/0\/com.TTT.collagemaker.photoeditor.layout.photocollage\/files\/draft\/id_1637136449944\/sticker\/frame8.png","matrix_crop":"3.9416058,0.0,0.0,0.0,3.9416058,0.0,0.0,0.0,1.0","matrix":"0.20165664,0.0,552.0,0.0,0.20165664,368.19614,0.0,0.0,1.0"},{"lock":true,"type":"drawable","path_drawable":"\/data\/user\/0\/com.TTT.collagemaker.photoeditor.layout.photocollage\/files\/draft\/id_1637136449944\/sticker\/drawable9.png","matrix":"0.20185184,0.0,309.2085,0.0,0.20185189,368.19614,0.0,0.0,1.0","color_fill":-8618645},{"lock":true,"type":"drawable","path_drawable":"\/data\/user\/0\/com.TTT.collagemaker.photoeditor.layout.photocollage\/files\/draft\/id_1637136449944\/sticker\/drawable10.png","matrix":"0.20185184,0.0,796.0,0.0,0.20185189,617.00006,0.0,0.0,1.0","color_fill":-4083554},{"lock":true,"type":"drawable","path_drawable":"\/data\/user\/0\/com.TTT.collagemaker.photoeditor.layout.photocollage\/files\/draft\/id_1637136449944\/sticker\/drawable11.png","matrix":"0.20185184,0.0,68.0,0.0,0.20185189,867.61646,0.0,0.0,1.0","color_fill":-4951724},{"lock":false,"type":"text","matrix":"0.17684472,0.82000756,340.4354,-0.82000756,0.17684472,563.8485,0.0,0.0,1.0","content":"EARTHY","sizePx":60,"fontPosition":0,"fontName":"\/data\/user\/0\/com.TTT.collagemaker.photoeditor.layout.photocollage\/files\/font\/Lato-Light.ttf","alignment":2,"isLower":true,"isBold":false,"isUnderline":false,"isItalic":false,"spacing":0,"lineHeight":20,"textOpacity":255,"colorShadow":0,"blurShadow":80,"offsetX":10,"offsetY":5,"shadowPosition":0,"borderPosition":0,"colorBorder":0,"sizeBorder":5,"backgroundOpacity":255,"paddingBackgroundX":0,"paddingBackgroundY":0,"roundBackground":0,"curve":48,"gradientPosition":0,"angleGradientText":0,"palettePosition":0,"colorText":-1,"colorPosition":1,"colorBackgroundPosition":0,"colorBackground":0,"gradientBackgroundPosition":0,"angleGradientBackground":90,"colorBorderBackground":0,"colorBorderBackgroundPosition":0,"borderBackgroundOpacity":255,"sizeBorderBackground":3,"isLock":false},{"lock":false,"type":"text","matrix":"0.2136597,0.5020069,96.41488,-0.5020069,0.2136597,995.1732,0.0,0.0,1.0","content":"WARM","sizePx":60,"fontPosition":0,"fontName":"\/data\/user\/0\/com.TTT.collagemaker.photoeditor.layout.photocollage\/files\/font\/Lato-Light.ttf","alignment":2,"isLower":true,"isBold":false,"isUnderline":false,"isItalic":false,"spacing":0,"lineHeight":20,"textOpacity":255,"colorShadow":0,"blurShadow":80,"offsetX":10,"offsetY":5,"shadowPosition":0,"borderPosition":0,"colorBorder":0,"sizeBorder":5,"backgroundOpacity":255,"paddingBackgroundX":0,"paddingBackgroundY":0,"roundBackground":0,"curve":43,"gradientPosition":0,"angleGradientText":0,"palettePosition":0,"colorText":-1,"colorPosition":1,"colorBackgroundPosition":0,"colorBackground":0,"gradientBackgroundPosition":0,"angleGradientBackground":90,"colorBorderBackground":0,"colorBorderBackgroundPosition":0,"borderBackgroundOpacity":255,"sizeBorderBackground":3,"isLock":false},{"lock":false,"type":"text","matrix":"0.5455835,1.692827E-9,818.4144,-1.692827E-9,0.5455835,657.64484,0.0,0.0,1.0","content":"NATURAL","sizePx":60,"fontPosition":0,"fontName":"\/data\/user\/0\/com.TTT.collagemaker.photoeditor.layout.photocollage\/files\/font\/Lato-Light.ttf","alignment":2,"isLower":true,"isBold":false,"isUnderline":false,"isItalic":false,"spacing":0.1120000034570694,"lineHeight":20,"textOpacity":255,"colorShadow":0,"blurShadow":80,"offsetX":10,"offsetY":5,"shadowPosition":0,"borderPosition":0,"colorBorder":0,"sizeBorder":5,"backgroundOpacity":255,"paddingBackgroundX":0,"paddingBackgroundY":0,"roundBackground":0,"curve":46,"gradientPosition":0,"angleGradientText":0,"palettePosition":0,"colorText":-1,"colorPosition":1,"colorBackgroundPosition":0,"colorBackground":0,"gradientBackgroundPosition":0,"angleGradientBackground":90,"colorBorderBackground":0,"colorBorderBackgroundPosition":0,"borderBackgroundOpacity":255,"sizeBorderBackground":3,"isLock":false}]}