{"name_project":"1637137477778","create_time":1637137477778,"id":"id_1637137477778","width_screen":1080,"height_screen":1776,"type_collage":3,"path_background":"\/data\/user\/0\/com.TTT.collagemaker.photoeditor.layout.photocollage\/files\/draft\/id_1637137477778\/background.png","matrix_background":"0.9,0.0,54.0,0.0,0.9,337.20004,0.0,0.0,1.0","sticker":[{"lock":true,"type":"drawable","path_drawable":"\/data\/user\/0\/com.TTT.collagemaker.photoeditor.layout.photocollage\/files\/draft\/id_1637137477778\/sticker\/drawable0.png","matrix":"0.37126467,0.0,54.0,0.0,0.7210568,337.20004,0.0,0.0,1.0","color_fill":-595234},{"lock":true,"type":"frame","path_bitmap":"\/data\/user\/0\/com.TTT.collagemaker.photoeditor.layout.photocollage\/files\/draft\/id_1637137477778\/sticker\/bitmap1.png","path_mask":"\/data\/user\/0\/com.TTT.collagemaker.photoeditor.layout.photocollage\/files\/draft\/id_1637137477778\/sticker\/mask1.png","path_frame":"\/data\/user\/0\/com.TTT.collagemaker.photoeditor.layout.photocollage\/files\/draft\/id_1637137477778\/sticker\/frame1.png","matrix_crop":"2.4657533,0.0,0.0,0.0,2.4657533,-167.6712,0.0,0.0,1.0","matrix":"0.28046724,0.0,103.03061,0.0,0.38003814,647.0533,0.0,0.0,1.0"},{"lock":true,"type":"frame","path_bitmap":"\/data\/user\/0\/com.TTT.collagemaker.photoeditor.layout.photocollage\/files\/draft\/id_1637137477778\/sticker\/bitmap2.png","path_mask":"\/data\/user\/0\/com.TTT.collagemaker.photoeditor.layout.photocollage\/files\/draft\/id_1637137477778\/sticker\/mask2.png","path_frame":"\/data\/user\/0\/com.TTT.collagemaker.photoeditor.layout.photocollage\/files\/draft\/id_1637137477778\/sticker\/frame2.png","matrix_crop":"2.1471174,0.0,-149.22467,0.0,2.1471174,0.0,0.0,0.0,1.0","matrix":"0.4341366,0.0,508.1358,0.0,0.30473444,726.00006,0.0,0.0,1.0"},{"lock":true,"type":"frame","path_bitmap":"\/data\/user\/0\/com.TTT.collagemaker.photoeditor.layout.photocollage\/files\/draft\/id_1637137477778\/sticker\/bitmap3.png","path_mask":"\/data\/user\/0\/com.TTT.collagemaker.photoeditor.layout.photocollage\/files\/draft\/id_1637137477778\/sticker\/mask3.png","path_frame":"\/data\/user\/0\/com.TTT.collagemaker.photoeditor.layout.photocollage\/files\/draft\/id_1637137477778\/sticker\/frame3.png","matrix_crop":"3.1087072,0.0,-28.974777,0.0,3.1087072,-4.8956146,0.0,0.0,1.0","matrix":"0.20428474,0.0,508.1358,0.0,0.27234116,409.39676,0.0,0.0,1.0"},{"lock":true,"type":"frame","path_bitmap":"\/data\/user\/0\/com.TTT.collagemaker.photoeditor.layout.photocollage\/files\/draft\/id_1637137477778\/sticker\/bitmap4.png","path_mask":"\/data\/user\/0\/com.TTT.collagemaker.photoeditor.layout.photocollage\/files\/draft\/id_1637137477778\/sticker\/mask4.png","path_frame":"\/data\/user\/0\/com.TTT.collagemaker.photoeditor.layout.photocollage\/files\/draft\/id_1637137477778\/sticker\/frame4.png","matrix_crop":"4.06015,0.0,-138.04504,0.0,4.06015,0.0,0.0,0.0,1.0","matrix":"0.20889632,0.0,751.3952,0.0,0.19363905,409.39676,0.0,0.0,1.0"},{"lock":true,"type":"drawable","path_drawable":"\/data\/user\/0\/com.TTT.collagemaker.photoeditor.layout.photocollage\/files\/draft\/id_1637137477778\/sticker\/drawable5.png","matrix":"0.05903306,0.0,751.3952,0.0,0.05903306,639.7694,0.0,0.0,1.0","color_fill":-2713247},{"lock":true,"type":"drawable","path_drawable":"\/data\/user\/0\/com.TTT.collagemaker.photoeditor.layout.photocollage\/files\/draft\/id_1637137477778\/sticker\/drawable6.png","matrix":"0.05903306,0.0,832.3214,0.0,0.05903306,639.7694,0.0,0.0,1.0","color_fill":-1193813},{"lock":true,"type":"drawable","path_drawable":"\/data\/user\/0\/com.TTT.collagemaker.photoeditor.layout.photocollage\/files\/draft\/id_1637137477778\/sticker\/drawable7.png","matrix":"0.05903306,0.0,913.24756,0.0,0.05903306,639.7694,0.0,0.0,1.0","color_fill":-1581612},{"lock":false,"type":"text","matrix":"0.5750256,0.0,102.22644,0.0,0.5750256,438.39407,0.0,0.0,1.0","content":"STUDIO","sizePx":60,"fontPosition":0,"fontName":"\/data\/user\/0\/com.TTT.collagemaker.photoeditor.layout.photocollage\/files\/font\/Raleway-Bold.ttf","alignment":2,"isLower":true,"isBold":false,"isUnderline":false,"isItalic":false,"spacing":0,"lineHeight":20,"textOpacity":255,"colorShadow":0,"blurShadow":80,"offsetX":10,"offsetY":5,"shadowPosition":0,"borderPosition":0,"colorBorder":0,"sizeBorder":5,"backgroundOpacity":255,"paddingBackgroundX":0,"paddingBackgroundY":0,"roundBackground":0,"curve":0,"gradientPosition":0,"angleGradientText":0,"palettePosition":0,"colorText":-16777216,"colorPosition":0,"colorBackgroundPosition":0,"colorBackground":0,"gradientBackgroundPosition":0,"angleGradientBackground":90,"colorBorderBackground":0,"colorBorderBackgroundPosition":0,"borderBackgroundOpacity":255,"sizeBorderBackground":3,"isLock":false},{"lock":false,"type":"text","matrix":"0.5583687,0.0,246.92517,0.0,0.5583687,438.4567,0.0,0.0,1.0","content":"ESTHE","sizePx":60,"fontPosition":0,"fontName":"\/data\/user\/0\/com.TTT.collagemaker.photoeditor.layout.photocollage\/files\/font\/Raleway-Light.ttf","alignment":2,"isLower":true,"isBold":false,"isUnderline":false,"isItalic":false,"spacing":0.36000001430511475,"lineHeight":20,"textOpacity":255,"colorShadow":0,"blurShadow":80,"offsetX":10,"offsetY":5,"shadowPosition":0,"borderPosition":0,"colorBorder":0,"sizeBorder":5,"backgroundOpacity":255,"paddingBackgroundX":0,"paddingBackgroundY":0,"roundBackground":0,"curve":0,"gradientPosition":0,"angleGradientText":0,"palettePosition":0,"colorText":-16777216,"colorPosition":0,"colorBackgroundPosition":0,"colorBackground":0,"gradientBackgroundPosition":0,"angleGradientBackground":90,"colorBorderBackground":0,"colorBorderBackgroundPosition":0,"borderBackgroundOpacity":255,"sizeBorderBackground":3,"isLock":false},{"lock":false,"type":"drawable","path_drawable":"\/data\/user\/0\/com.TTT.collagemaker.photoeditor.layout.photocollage\/files\/draft\/id_1637137477778\/sticker\/drawable10.png","matrix":"0.025242763,0.0,103.0,0.0,0.025242763,462.7,0.0,0.0,1.0","color_fill":0},{"lock":false,"type":"text","matrix":"0.32786885,0.0,99.54462,0.0,0.32786885,486.22095,0.0,0.0,1.0","content":"Inspired by the warm\nnatural palette of the\nSaharan landscape","sizePx":60,"fontPosition":2,"fontName":"\/data\/user\/0\/com.TTT.collagemaker.photoeditor.layout.photocollage\/files\/font\/Raleway-Light.ttf","alignment":1,"isLower":true,"isBold":false,"isUnderline":false,"isItalic":false,"spacing":0.20000000298023224,"lineHeight":36.400001525878906,"textOpacity":255,"colorShadow":0,"blurShadow":80,"offsetX":10,"offsetY":5,"shadowPosition":0,"borderPosition":0,"colorBorder":0,"sizeBorder":5,"backgroundOpacity":255,"paddingBackgroundX":0,"paddingBackgroundY":0,"roundBackground":0,"curve":0,"gradientPosition":0,"angleGradientText":0,"palettePosition":0,"colorText":-16777216,"colorPosition":0,"colorBackgroundPosition":0,"colorBackground":0,"gradientBackgroundPosition":0,"angleGradientBackground":90,"colorBorderBackground":0,"colorBorderBackgroundPosition":0,"borderBackgroundOpacity":255,"sizeBorderBackground":3,"isLock":false}]}