{"name_project":"1636691970118","create_time":1636691970118,"id":"id_1636691970118","width_screen":1080,"height_screen":1776,"type_collage":3,"path_background":"\/data\/user\/0\/com.TTT.collagemaker.photoeditor.layout.photocollage\/files\/draft\/id_1636691970118\/background.png","matrix_background":"0.9,0.0,54.0,0.0,0.9,337.20004,0.0,0.0,1.0","sticker":[{"lock":true,"type":"frame","path_bitmap":"\/data\/user\/0\/com.TTT.collagemaker.photoeditor.layout.photocollage\/files\/draft\/id_1636691970118\/sticker\/bitmap0.png","path_mask":"\/data\/user\/0\/com.TTT.collagemaker.photoeditor.layout.photocollage\/files\/draft\/id_1636691970118\/sticker\/mask0.png","path_frame":"\/data\/user\/0\/com.TTT.collagemaker.photoeditor.layout.photocollage\/files\/draft\/id_1636691970118\/sticker\/frame0.png","matrix_crop":"4.3373494,0.0,-203.85541,0.0,4.3373494,0.0,0.0,0.0,1.0","matrix":"0.38378915,0.0,118.981926,0.0,0.28710064,738.9001,0.0,0.0,1.0"},{"lock":true,"type":"frame","path_bitmap":"\/data\/user\/0\/com.TTT.collagemaker.photoeditor.layout.photocollage\/files\/draft\/id_1636691970118\/sticker\/bitmap1.png","path_mask":"\/data\/user\/0\/com.TTT.collagemaker.photoeditor.layout.photocollage\/files\/draft\/id_1636691970118\/sticker\/mask1.png","path_frame":"\/data\/user\/0\/com.TTT.collagemaker.photoeditor.layout.photocollage\/files\/draft\/id_1636691970118\/sticker\/frame1.png","matrix_crop":"4.5984235,0.0,-52.258423,0.0,4.5984235,-17.758799,0.0,0.0,1.0","matrix":"0.18103616,0.0,551.4634,0.0,0.28747737,738.9001,0.0,0.0,1.0"},{"lock":true,"type":"frame","path_bitmap":"\/data\/user\/0\/com.TTT.collagemaker.photoeditor.layout.photocollage\/files\/draft\/id_1636691970118\/sticker\/bitmap2.png","path_mask":"\/data\/user\/0\/com.TTT.collagemaker.photoeditor.layout.photocollage\/files\/draft\/id_1636691970118\/sticker\/mask2.png","path_frame":"\/data\/user\/0\/com.TTT.collagemaker.photoeditor.layout.photocollage\/files\/draft\/id_1636691970118\/sticker\/frame2.png","matrix_crop":"6.3157897,0.0,0.0,0.0,6.3157897,-274.73688,0.0,0.0,1.0","matrix":"0.18103616,0.0,766.5682,0.0,0.28747737,738.9001,0.0,0.0,1.0"},{"lock":true,"type":"frame","path_bitmap":"\/data\/user\/0\/com.TTT.collagemaker.photoeditor.layout.photocollage\/files\/draft\/id_1636691970118\/sticker\/bitmap3.png","path_mask":"\/data\/user\/0\/com.TTT.collagemaker.photoeditor.layout.photocollage\/files\/draft\/id_1636691970118\/sticker\/mask3.png","path_frame":"\/data\/user\/0\/com.TTT.collagemaker.photoeditor.layout.photocollage\/files\/draft\/id_1636691970118\/sticker\/frame3.png","matrix_crop":"4.385314,0.0,-84.424286,0.0,4.385314,-52.185165,0.0,0.0,1.0","matrix":"0.18103616,0.0,118.981926,0.0,0.28747737,409.01508,0.0,0.0,1.0"},{"lock":true,"type":"frame","path_bitmap":"\/data\/user\/0\/com.TTT.collagemaker.photoeditor.layout.photocollage\/files\/draft\/id_1636691970118\/sticker\/bitmap4.png","path_mask":"\/data\/user\/0\/com.TTT.collagemaker.photoeditor.layout.photocollage\/files\/draft\/id_1636691970118\/sticker\/mask4.png","path_frame":"\/data\/user\/0\/com.TTT.collagemaker.photoeditor.layout.photocollage\/files\/draft\/id_1636691970118\/sticker\/frame4.png","matrix_crop":"3.412614,0.0,-16.757965,0.0,3.412614,-42.46492,0.0,0.0,1.0","matrix":"0.38378915,0.0,332.75385,0.0,0.28710064,409.01508,0.0,0.0,1.0"},{"lock":true,"type":"frame","path_bitmap":"\/data\/user\/0\/com.TTT.collagemaker.photoeditor.layout.photocollage\/files\/draft\/id_1636691970118\/sticker\/bitmap5.png","path_mask":"\/data\/user\/0\/com.TTT.collagemaker.photoeditor.layout.photocollage\/files\/draft\/id_1636691970118\/sticker\/mask5.png","path_frame":"\/data\/user\/0\/com.TTT.collagemaker.photoeditor.layout.photocollage\/files\/draft\/id_1636691970118\/sticker\/frame5.png","matrix_crop":"6.428571,0.0,0.0,0.0,6.428571,-279.64282,0.0,0.0,1.0","matrix":"0.18103616,0.0,766.5682,0.0,0.28747737,409.01508,0.0,0.0,1.0"},{"lock":true,"type":"drawable","path_drawable":"\/data\/user\/0\/com.TTT.collagemaker.photoeditor.layout.photocollage\/files\/draft\/id_1636691970118\/sticker\/drawable6.png","matrix":"0.07719416,0.0,175.0566,0.0,0.07719416,684.3152,0.0,0.0,1.0","color_fill":-593168},{"lock":true,"type":"drawable","path_drawable":"\/data\/user\/0\/com.TTT.collagemaker.photoeditor.layout.photocollage\/files\/draft\/id_1636691970118\/sticker\/drawable7.png","matrix":"0.07719416,0.0,272.81613,0.0,0.07719416,684.3152,0.0,0.0,1.0","color_fill":-593168},{"lock":true,"type":"drawable","path_drawable":"\/data\/user\/0\/com.TTT.collagemaker.photoeditor.layout.photocollage\/files\/draft\/id_1636691970118\/sticker\/drawable8.png","matrix":"0.07719416,0.0,373.08972,0.0,0.07719416,684.31525,0.0,0.0,1.0","color_fill":-593168},{"lock":true,"type":"drawable","path_drawable":"\/data\/user\/0\/com.TTT.collagemaker.photoeditor.layout.photocollage\/files\/draft\/id_1636691970118\/sticker\/drawable9.png","matrix":"0.07719416,0.0,472.0817,0.0,0.07719416,684.31525,0.0,0.0,1.0","color_fill":-593168},{"lock":true,"type":"drawable","path_drawable":"\/data\/user\/0\/com.TTT.collagemaker.photoeditor.layout.photocollage\/files\/draft\/id_1636691970118\/sticker\/drawable10.png","matrix":"0.06821964,0.0,179.90285,0.0,0.06821964,689.1615,0.0,0.0,1.0","color_fill":-3956606},{"lock":true,"type":"drawable","path_drawable":"\/data\/user\/0\/com.TTT.collagemaker.photoeditor.layout.photocollage\/files\/draft\/id_1636691970118\/sticker\/drawable11.png","matrix":"0.06821964,0.0,277.66238,0.0,0.06821964,689.1615,0.0,0.0,1.0","color_fill":-6845071},{"lock":true,"type":"drawable","path_drawable":"\/data\/user\/0\/com.TTT.collagemaker.photoeditor.layout.photocollage\/files\/draft\/id_1636691970118\/sticker\/drawable12.png","matrix":"0.06821964,0.0,377.93597,0.0,0.06821964,689.1615,0.0,0.0,1.0","color_fill":-7562847},{"lock":true,"type":"drawable","path_drawable":"\/data\/user\/0\/com.TTT.collagemaker.photoeditor.layout.photocollage\/files\/draft\/id_1636691970118\/sticker\/drawable13.png","matrix":"0.06821964,0.0,476.92798,0.0,0.06821964,689.1615,0.0,0.0,1.0","color_fill":-9804447},{"lock":true,"type":"drawable","path_drawable":"\/data\/user\/0\/com.TTT.collagemaker.photoeditor.layout.photocollage\/files\/draft\/id_1636691970118\/sticker\/drawable14.png","matrix":"0.24464524,0.0,634.4597,0.0,0.24464524,593.8916,0.0,0.0,1.0","color_fill":-593168},{"lock":false,"type":"frame","path_bitmap":"\/data\/user\/0\/com.TTT.collagemaker.photoeditor.layout.photocollage\/files\/draft\/id_1636691970118\/sticker\/bitmap15.png","path_mask":"\/data\/user\/0\/com.TTT.collagemaker.photoeditor.layout.photocollage\/files\/draft\/id_1636691970118\/sticker\/mask15.png","path_frame":"\/data\/user\/0\/com.TTT.collagemaker.photoeditor.layout.photocollage\/files\/draft\/id_1636691970118\/sticker\/frame15.png","matrix_crop":"4.537815,0.0,-2.268921,0.0,4.537815,0.0,0.0,0.0,1.0","matrix":"0.22064857,0.0,647.41785,0.0,0.22064857,606.8498,0.0,0.0,1.0"}]}