{"name_project":"1651655093825","create_time":1651655093825,"id":"id_1651655093825","width_screen":1080,"height_screen":1486,"type_collage":3,"path_background":"\/data\/user\/0\/com.TTT.collagemaker.photoeditor.layout.photocollage\/files\/draft\/id_1651655093825\/background.png","matrix_background":"0.9,0.0,54.0,0.0,0.9,354.19998,0.0,0.0,1.0","sticker":[{"lock":false,"type":"drawable","path_drawable":"\/data\/user\/0\/com.TTT.collagemaker.photoeditor.layout.photocollage\/files\/draft\/id_1651655093825\/sticker\/drawable0.png","matrix":"0.7198621,0.0,54.0,0.0,0.7198621,354.19998,0.0,0.0,1.0","color_fill":0},{"lock":false,"type":"drawable","path_drawable":"\/data\/user\/0\/com.TTT.collagemaker.photoeditor.layout.photocollage\/files\/draft\/id_1651655093825\/sticker\/drawable1.png","matrix":"0.75329477,0.0,133.22084,0.0,0.50442,537.44336,0.0,0.0,1.0","color_fill":-1},{"lock":false,"type":"drawable","path_drawable":"\/data\/user\/0\/com.TTT.collagemaker.photoeditor.layout.photocollage\/files\/draft\/id_1651655093825\/sticker\/drawable2.png","matrix":"0.18929826,0.0,416.48288,0.0,0.24827588,435.96234,0.0,0.0,1.0","color_fill":-1},{"lock":false,"type":"frame","path_bitmap":"\/data\/user\/0\/com.TTT.collagemaker.photoeditor.layout.photocollage\/files\/draft\/id_1651655093825\/sticker\/bitmap3.png","path_mask":"\/data\/user\/0\/com.TTT.collagemaker.photoeditor.layout.photocollage\/files\/draft\/id_1651655093825\/sticker\/mask3.png","path_frame":"\/data\/user\/0\/com.TTT.collagemaker.photoeditor.layout.photocollage\/files\/draft\/id_1651655093825\/sticker\/frame3.png","matrix_crop":"1.1285714,0.0,-52.5,0.0,1.1285714,0.0,0.0,0.0,1.0","matrix":"0.20415203,0.0,429.7579,0.0,0.20415203,462.1801,0.0,0.0,1.0"},{"lock":false,"type":"frame","path_bitmap":"\/data\/user\/0\/com.TTT.collagemaker.photoeditor.layout.photocollage\/files\/draft\/id_1651655093825\/sticker\/bitmap4.png","path_mask":"\/data\/user\/0\/com.TTT.collagemaker.photoeditor.layout.photocollage\/files\/draft\/id_1651655093825\/sticker\/mask4.png","path_frame":"\/data\/user\/0\/com.TTT.collagemaker.photoeditor.layout.photocollage\/files\/draft\/id_1651655093825\/sticker\/frame4.png","matrix_crop":"1.0285715,0.0,0.0,0.0,1.0285715,0.0,0.0,0.0,1.0","matrix":"0.20605221,0.0,172.49115,0.0,0.20605221,570.0313,0.0,0.0,1.0"},{"lock":false,"type":"frame","path_bitmap":"\/data\/user\/0\/com.TTT.collagemaker.photoeditor.layout.photocollage\/files\/draft\/id_1651655093825\/sticker\/bitmap5.png","path_mask":"\/data\/user\/0\/com.TTT.collagemaker.photoeditor.layout.photocollage\/files\/draft\/id_1651655093825\/sticker\/mask5.png","path_frame":"\/data\/user\/0\/com.TTT.collagemaker.photoeditor.layout.photocollage\/files\/draft\/id_1651655093825\/sticker\/frame5.png","matrix_crop":"1.0285715,0.0,0.0,0.0,1.0285715,0.0,0.0,0.0,1.0","matrix":"0.20605221,0.0,696.5022,0.0,0.20605221,570.0313,0.0,0.0,1.0"},{"lock":false,"type":"frame","path_bitmap":"\/data\/user\/0\/com.TTT.collagemaker.photoeditor.layout.photocollage\/files\/draft\/id_1651655093825\/sticker\/bitmap6.png","path_mask":"\/data\/user\/0\/com.TTT.collagemaker.photoeditor.layout.photocollage\/files\/draft\/id_1651655093825\/sticker\/mask6.png","path_frame":"\/data\/user\/0\/com.TTT.collagemaker.photoeditor.layout.photocollage\/files\/draft\/id_1651655093825\/sticker\/frame6.png","matrix_crop":"1.0285715,0.0,0.0,0.0,1.0285715,0.0,0.0,0.0,1.0","matrix":"0.20605221,0.0,172.49115,0.0,0.20605221,828.52295,0.0,0.0,1.0"},{"lock":false,"type":"frame","path_bitmap":"\/data\/user\/0\/com.TTT.collagemaker.photoeditor.layout.photocollage\/files\/draft\/id_1651655093825\/sticker\/bitmap7.png","path_mask":"\/data\/user\/0\/com.TTT.collagemaker.photoeditor.layout.photocollage\/files\/draft\/id_1651655093825\/sticker\/mask7.png","path_frame":"\/data\/user\/0\/com.TTT.collagemaker.photoeditor.layout.photocollage\/files\/draft\/id_1651655093825\/sticker\/frame7.png","matrix_crop":"1.0285715,0.0,0.0,0.0,1.0285715,0.0,0.0,0.0,1.0","matrix":"0.20605221,0.0,696.5022,0.0,0.20605221,828.52295,0.0,0.0,1.0"},{"lock":false,"type":"frame","path_bitmap":"\/data\/user\/0\/com.TTT.collagemaker.photoeditor.layout.photocollage\/files\/draft\/id_1651655093825\/sticker\/bitmap8.png","path_mask":"\/data\/user\/0\/com.TTT.collagemaker.photoeditor.layout.photocollage\/files\/draft\/id_1651655093825\/sticker\/mask8.png","path_frame":"\/data\/user\/0\/com.TTT.collagemaker.photoeditor.layout.photocollage\/files\/draft\/id_1651655093825\/sticker\/frame8.png","matrix_crop":"1.0285715,0.0,0.0,0.0,1.0285715,0.0,0.0,0.0,1.0","matrix":"0.2305603,0.0,422.96262,0.0,0.20605221,828.52295,0.0,0.0,1.0"},{"lock":false,"type":"text","matrix":"0.7008155,0.0,403.26822,0.0,0.7008155,759.52795,0.0,0.0,1.0","content":"mother's day","sizePx":60,"fontPosition":0,"fontName":"\/data\/user\/0\/com.TTT.collagemaker.photoeditor.layout.photocollage\/files\/font\/segoesc.ttf","alignment":2,"isLower":true,"isBold":false,"isUnderline":false,"isItalic":false,"spacing":0,"lineHeight":20,"textOpacity":255,"colorShadow":0,"blurShadow":80,"offsetX":10,"offsetY":5,"shadowPosition":0,"borderPosition":0,"colorBorder":0,"sizeBorder":5,"backgroundOpacity":255,"paddingBackgroundX":0,"paddingBackgroundY":0,"roundBackground":0,"curve":0,"gradientPosition":0,"angleGradientText":0,"palettePosition":0,"colorText":-9489372,"colorPosition":0,"colorBackgroundPosition":0,"colorBackground":0,"gradientBackgroundPosition":0,"angleGradientBackground":90,"colorBorderBackground":0,"colorBorderBackgroundPosition":0,"borderBackgroundOpacity":255,"sizeBorderBackground":3,"isLock":false},{"lock":false,"type":"text","matrix":"0.5797306,0.0,488.65335,0.0,0.5797306,719.80963,0.0,0.0,1.0","content":"Happy","sizePx":60,"fontPosition":0,"fontName":"\/data\/user\/0\/com.TTT.collagemaker.photoeditor.layout.photocollage\/files\/font\/poiretone-regular-art-deco.ttf","alignment":2,"isLower":true,"isBold":false,"isUnderline":false,"isItalic":false,"spacing":0,"lineHeight":20,"textOpacity":255,"colorShadow":0,"blurShadow":80,"offsetX":10,"offsetY":5,"shadowPosition":0,"borderPosition":0,"colorBorder":0,"sizeBorder":5,"backgroundOpacity":255,"paddingBackgroundX":0,"paddingBackgroundY":0,"roundBackground":0,"curve":0,"gradientPosition":0,"angleGradientText":0,"palettePosition":0,"colorText":-9227487,"colorPosition":0,"colorBackgroundPosition":0,"colorBackground":0,"gradientBackgroundPosition":0,"angleGradientBackground":90,"colorBorderBackground":0,"colorBorderBackgroundPosition":0,"borderBackgroundOpacity":255,"sizeBorderBackground":3,"isLock":false}]}