{"name_project":"1636700795905","create_time":1636700795905,"id":"id_1636700795905","width_screen":1080,"height_screen":1776,"type_collage":3,"path_background":"\/data\/user\/0\/com.TTT.collagemaker.photoeditor.layout.photocollage\/files\/draft\/id_1636700795905\/background.png","matrix_background":"0.9,0.0,54.0,0.0,0.9,337.20004,0.0,0.0,1.0","sticker":[{"lock":true,"type":"drawable","path_drawable":"\/data\/user\/0\/com.TTT.collagemaker.photoeditor.layout.photocollage\/files\/draft\/id_1636700795905\/sticker\/drawable0.png","matrix":"0.5941765,0.0,174.2844,0.0,0.5941765,405.14478,0.0,0.0,1.0","color_fill":-1118743},{"lock":false,"type":"frame","path_bitmap":"\/data\/user\/0\/com.TTT.collagemaker.photoeditor.layout.photocollage\/files\/draft\/id_1636700795905\/sticker\/bitmap1.png","path_mask":"\/data\/user\/0\/com.TTT.collagemaker.photoeditor.layout.photocollage\/files\/draft\/id_1636700795905\/sticker\/mask1.png","path_frame":"\/data\/user\/0\/com.TTT.collagemaker.photoeditor.layout.photocollage\/files\/draft\/id_1636700795905\/sticker\/frame1.png","matrix_crop":"1.7382716,0.0,-398.6667,0.0,1.7382716,0.0,0.0,0.0,1.0","matrix":"0.14055528,-0.027185103,753.9159,0.027185103,0.14055528,486.70697,0.0,0.0,1.0"},{"lock":false,"type":"frame","path_bitmap":"\/data\/user\/0\/com.TTT.collagemaker.photoeditor.layout.photocollage\/files\/draft\/id_1636700795905\/sticker\/bitmap2.png","path_mask":"\/data\/user\/0\/com.TTT.collagemaker.photoeditor.layout.photocollage\/files\/draft\/id_1636700795905\/sticker\/mask2.png","path_frame":"\/data\/user\/0\/com.TTT.collagemaker.photoeditor.layout.photocollage\/files\/draft\/id_1636700795905\/sticker\/frame2.png","matrix_crop":"1.5,0.0,-155.5,0.0,1.5,0.0,0.0,0.0,1.0","matrix":"0.15916704,-0.031235049,628.33136,0.031235049,0.15916704,405.14478,0.0,0.0,1.0"},{"lock":false,"type":"frame","path_bitmap":"\/data\/user\/0\/com.TTT.collagemaker.photoeditor.layout.photocollage\/files\/draft\/id_1636700795905\/sticker\/bitmap3.png","path_mask":"\/data\/user\/0\/com.TTT.collagemaker.photoeditor.layout.photocollage\/files\/draft\/id_1636700795905\/sticker\/mask3.png","path_frame":"\/data\/user\/0\/com.TTT.collagemaker.photoeditor.layout.photocollage\/files\/draft\/id_1636700795905\/sticker\/frame3.png","matrix_crop":"1.5041783,0.0,0.0,0.0,1.5041783,-40.756287,0.0,0.0,1.0","matrix":"0.14002004,-0.018349512,568.3133,0.018349512,0.14002004,478.10028,0.0,0.0,1.0"},{"lock":false,"type":"frame","path_bitmap":"\/data\/user\/0\/com.TTT.collagemaker.photoeditor.layout.photocollage\/files\/draft\/id_1636700795905\/sticker\/bitmap4.png","path_mask":"\/data\/user\/0\/com.TTT.collagemaker.photoeditor.layout.photocollage\/files\/draft\/id_1636700795905\/sticker\/mask4.png","path_frame":"\/data\/user\/0\/com.TTT.collagemaker.photoeditor.layout.photocollage\/files\/draft\/id_1636700795905\/sticker\/frame4.png","matrix_crop":"1.9555556,0.0,-516.0,0.0,1.9555556,0.0,0.0,0.0,1.0","matrix":"0.12819654,-0.025865555,698.22876,0.025865555,0.12819654,643.81354,0.0,0.0,1.0"},{"lock":false,"type":"frame","path_bitmap":"\/data\/user\/0\/com.TTT.collagemaker.photoeditor.layout.photocollage\/files\/draft\/id_1636700795905\/sticker\/bitmap5.png","path_mask":"\/data\/user\/0\/com.TTT.collagemaker.photoeditor.layout.photocollage\/files\/draft\/id_1636700795905\/sticker\/mask5.png","path_frame":"\/data\/user\/0\/com.TTT.collagemaker.photoeditor.layout.photocollage\/files\/draft\/id_1636700795905\/sticker\/frame5.png","matrix_crop":"1.9555556,0.0,-516.0,0.0,1.9555556,0.0,0.0,0.0,1.0","matrix":"0.13833381,-4.1646114E-10,587.1098,4.1646114E-10,0.13833381,677.0157,0.0,0.0,1.0"},{"lock":false,"type":"frame","path_bitmap":"\/data\/user\/0\/com.TTT.collagemaker.photoeditor.layout.photocollage\/files\/draft\/id_1636700795905\/sticker\/bitmap6.png","path_mask":"\/data\/user\/0\/com.TTT.collagemaker.photoeditor.layout.photocollage\/files\/draft\/id_1636700795905\/sticker\/mask6.png","path_frame":"\/data\/user\/0\/com.TTT.collagemaker.photoeditor.layout.photocollage\/files\/draft\/id_1636700795905\/sticker\/frame6.png","matrix_crop":"1.5,0.0,-155.5,0.0,1.5,0.0,0.0,0.0,1.0","matrix":"0.12292095,0.025783632,567.4351,-0.025783632,0.12292095,822.2878,0.0,0.0,1.0"},{"lock":false,"type":"frame","path_bitmap":"\/data\/user\/0\/com.TTT.collagemaker.photoeditor.layout.photocollage\/files\/draft\/id_1636700795905\/sticker\/bitmap7.png","path_mask":"\/data\/user\/0\/com.TTT.collagemaker.photoeditor.layout.photocollage\/files\/draft\/id_1636700795905\/sticker\/mask7.png","path_frame":"\/data\/user\/0\/com.TTT.collagemaker.photoeditor.layout.photocollage\/files\/draft\/id_1636700795905\/sticker\/frame7.png","matrix_crop":"1.9555556,0.0,-516.0,0.0,1.9555556,0.0,0.0,0.0,1.0","matrix":"0.14307866,0.012960911,185.51532,-0.012960911,0.14307866,531.1318,0.0,0.0,1.0"},{"lock":false,"type":"frame","path_bitmap":"\/data\/user\/0\/com.TTT.collagemaker.photoeditor.layout.photocollage\/files\/draft\/id_1636700795905\/sticker\/bitmap8.png","path_mask":"\/data\/user\/0\/com.TTT.collagemaker.photoeditor.layout.photocollage\/files\/draft\/id_1636700795905\/sticker\/mask8.png","path_frame":"\/data\/user\/0\/com.TTT.collagemaker.photoeditor.layout.photocollage\/files\/draft\/id_1636700795905\/sticker\/frame8.png","matrix_crop":"1.5,0.0,-155.5,0.0,1.5,0.0,0.0,0.0,1.0","matrix":"0.14133114,-0.025139898,250.20924,0.025139898,0.14133114,386.35324,0.0,0.0,1.0"},{"lock":false,"type":"frame","path_bitmap":"\/data\/user\/0\/com.TTT.collagemaker.photoeditor.layout.photocollage\/files\/draft\/id_1636700795905\/sticker\/bitmap9.png","path_mask":"\/data\/user\/0\/com.TTT.collagemaker.photoeditor.layout.photocollage\/files\/draft\/id_1636700795905\/sticker\/mask9.png","path_frame":"\/data\/user\/0\/com.TTT.collagemaker.photoeditor.layout.photocollage\/files\/draft\/id_1636700795905\/sticker\/frame9.png","matrix_crop":"1.5,0.0,-155.5,0.0,1.5,0.0,0.0,0.0,1.0","matrix":"0.14906518,0.0,370.87802,0.0,0.14906518,636.7982,0.0,0.0,1.0"},{"lock":false,"type":"frame","path_bitmap":"\/data\/user\/0\/com.TTT.collagemaker.photoeditor.layout.photocollage\/files\/draft\/id_1636700795905\/sticker\/bitmap10.png","path_mask":"\/data\/user\/0\/com.TTT.collagemaker.photoeditor.layout.photocollage\/files\/draft\/id_1636700795905\/sticker\/mask10.png","path_frame":"\/data\/user\/0\/com.TTT.collagemaker.photoeditor.layout.photocollage\/files\/draft\/id_1636700795905\/sticker\/frame10.png","matrix_crop":"1.5,0.0,0.0,0.0,1.5,-106.0,0.0,0.0,1.0","matrix":"0.13929404,0.038449712,342.41696,-0.038449712,0.13929404,490.9475,0.0,0.0,1.0"},{"lock":false,"type":"frame","path_bitmap":"\/data\/user\/0\/com.TTT.collagemaker.photoeditor.layout.photocollage\/files\/draft\/id_1636700795905\/sticker\/bitmap11.png","path_mask":"\/data\/user\/0\/com.TTT.collagemaker.photoeditor.layout.photocollage\/files\/draft\/id_1636700795905\/sticker\/mask11.png","path_frame":"\/data\/user\/0\/com.TTT.collagemaker.photoeditor.layout.photocollage\/files\/draft\/id_1636700795905\/sticker\/frame11.png","matrix_crop":"1.9555556,0.0,-516.0,0.0,1.9555556,0.0,0.0,0.0,1.0","matrix":"0.13477688,0.046863202,236.64575,-0.046863202,0.13477688,728.21185,0.0,0.0,1.0"},{"lock":false,"type":"frame","path_bitmap":"\/data\/user\/0\/com.TTT.collagemaker.photoeditor.layout.photocollage\/files\/draft\/id_1636700795905\/sticker\/bitmap12.png","path_mask":"\/data\/user\/0\/com.TTT.collagemaker.photoeditor.layout.photocollage\/files\/draft\/id_1636700795905\/sticker\/mask12.png","path_frame":"\/data\/user\/0\/com.TTT.collagemaker.photoeditor.layout.photocollage\/files\/draft\/id_1636700795905\/sticker\/frame12.png","matrix_crop":"1.9528433,0.0,-514.5354,0.0,1.9528433,0.0,0.0,0.0,1.0","matrix":"0.15617599,0.0245671,383.84927,-0.0245671,0.15617599,775.10803,0.0,0.0,1.0"},{"lock":false,"type":"frame","path_bitmap":"\/data\/user\/0\/com.TTT.collagemaker.photoeditor.layout.photocollage\/files\/draft\/id_1636700795905\/sticker\/bitmap13.png","path_mask":"\/data\/user\/0\/com.TTT.collagemaker.photoeditor.layout.photocollage\/files\/draft\/id_1636700795905\/sticker\/mask13.png","path_frame":"\/data\/user\/0\/com.TTT.collagemaker.photoeditor.layout.photocollage\/files\/draft\/id_1636700795905\/sticker\/frame13.png","matrix_crop":"1.9555556,0.0,-516.0,0.0,1.9555556,0.0,0.0,0.0,1.0","matrix":"0.11510165,-0.0391295,540.57385,0.0391295,0.11510165,852.8809,0.0,0.0,1.0"}]}