{"name_project":"1652069716610","create_time":1652069716610,"id":"id_1652069716610","width_screen":1080,"height_screen":1486,"type_collage":3,"path_background":"\/data\/user\/0\/com.TTT.collagemaker.photoeditor.layout.photocollage\/files\/draft\/id_1652069716610\/background.png","matrix_background":"0.9,0.0,54.0,0.0,0.9,354.19998,0.0,0.0,1.0","sticker":[{"lock":false,"type":"drawable","path_drawable":"\/data\/user\/0\/com.TTT.collagemaker.photoeditor.layout.photocollage\/files\/draft\/id_1652069716610\/sticker\/drawable0.png","matrix":"0.72047013,0.0,54.0,0.0,0.72047013,354.19998,0.0,0.0,1.0","color_fill":0},{"lock":false,"type":"frame","path_mask":"\/data\/user\/0\/com.TTT.collagemaker.photoeditor.layout.photocollage\/files\/draft\/id_1652069716610\/sticker\/mask1.png","path_frame":"\/data\/user\/0\/com.TTT.collagemaker.photoeditor.layout.photocollage\/files\/draft\/id_1652069716610\/sticker\/frame1.png","matrix_crop":"1.175926,0.0,-413.088,0.0,1.175926,0.0,0.0,0.0,1.0","matrix":"0.4187511,0.0,189.44696,0.0,0.4187511,440.5,0.0,0.0,1.0"},{"lock":false,"type":"frame","path_mask":"\/data\/user\/0\/com.TTT.collagemaker.photoeditor.layout.photocollage\/files\/draft\/id_1652069716610\/sticker\/mask2.png","path_frame":"\/data\/user\/0\/com.TTT.collagemaker.photoeditor.layout.photocollage\/files\/draft\/id_1652069716610\/sticker\/frame2.png","matrix_crop":"1.175926,0.0,-587.87634,0.0,1.175926,-180.56201,0.0,0.0,1.0","matrix":"0.34884542,0.0,588.7536,0.0,0.34884542,490.12256,0.0,0.0,1.0"},{"lock":false,"type":"drawable","path_drawable":"\/data\/user\/0\/com.TTT.collagemaker.photoeditor.layout.photocollage\/files\/draft\/id_1652069716610\/sticker\/drawable3.png","matrix":"0.25170854,0.0,54.0,0.0,0.25170854,354.19998,0.0,0.0,1.0","color_fill":0},{"lock":false,"type":"drawable","path_drawable":"\/data\/user\/0\/com.TTT.collagemaker.photoeditor.layout.photocollage\/files\/draft\/id_1652069716610\/sticker\/drawable4.png","matrix":"0.074698485,0.0,54.0,0.0,0.074698485,1051.1256,0.0,0.0,1.0","color_fill":0},{"lock":false,"type":"text","matrix":"1.5126051,0.0,457.3183,0.0,1.5126051,988.7085,0.0,0.0,1.0","content":"Happy Family","sizePx":60,"fontPosition":12,"fontName":"\/data\/user\/0\/com.TTT.collagemaker.photoeditor.layout.photocollage\/files\/font\/Basketball.otf","alignment":2,"isLower":true,"isBold":false,"isUnderline":false,"isItalic":false,"spacing":0,"lineHeight":20,"textOpacity":255,"colorShadow":0,"blurShadow":80,"offsetX":10,"offsetY":5,"shadowPosition":0,"borderPosition":0,"colorBorder":0,"sizeBorder":5,"backgroundOpacity":255,"paddingBackgroundX":0,"paddingBackgroundY":0,"roundBackground":0,"curve":0,"gradientPosition":0,"angleGradientText":0,"palettePosition":0,"colorText":-1,"colorPosition":1,"colorBackgroundPosition":0,"colorBackground":0,"gradientBackgroundPosition":0,"angleGradientBackground":90,"colorBorderBackground":0,"colorBorderBackgroundPosition":0,"borderBackgroundOpacity":255,"sizeBorderBackground":3,"isLock":false}]}