{"name_project":"1652078085881","create_time":1652078085881,"id":"id_1652078085881","width_screen":1080,"height_screen":1486,"type_collage":3,"path_background":"\/data\/user\/0\/com.TTT.collagemaker.photoeditor.layout.photocollage\/files\/draft\/id_1652078085881\/background.png","matrix_background":"0.9,0.0,54.0,0.0,0.9,354.19998,0.0,0.0,1.0","sticker":[{"lock":false,"type":"drawable","path_drawable":"\/data\/user\/0\/com.TTT.collagemaker.photoeditor.layout.photocollage\/files\/draft\/id_1652078085881\/sticker\/drawable0.png","matrix":"0.72302204,0.0,54.0,0.0,0.72302204,354.19998,0.0,0.0,1.0","color_fill":0},{"lock":false,"type":"drawable","path_drawable":"\/data\/user\/0\/com.TTT.collagemaker.photoeditor.layout.photocollage\/files\/draft\/id_1652078085881\/sticker\/drawable1.png","matrix":"0.20917223,0.0,427.047,0.0,0.20917223,431.91974,0.0,0.0,1.0","color_fill":-14678702},{"lock":false,"type":"frame","path_mask":"\/data\/user\/0\/com.TTT.collagemaker.photoeditor.layout.photocollage\/files\/draft\/id_1652078085881\/sticker\/mask2.png","path_frame":"\/data\/user\/0\/com.TTT.collagemaker.photoeditor.layout.photocollage\/files\/draft\/id_1652078085881\/sticker\/frame2.png","matrix_crop":"1.0285715,0.0,0.0,0.0,1.0285715,0.0,0.0,0.0,1.0","matrix":"0.19667912,0.0,433.79327,0.0,0.19667912,438.666,0.0,0.0,1.0"},{"lock":false,"type":"drawable","path_drawable":"\/data\/user\/0\/com.TTT.collagemaker.photoeditor.layout.photocollage\/files\/draft\/id_1652078085881\/sticker\/drawable3.png","matrix":"0.20917223,0.0,427.047,0.0,0.20917223,832.46674,0.0,0.0,1.0","color_fill":-14678702},{"lock":false,"type":"drawable","path_drawable":"\/data\/user\/0\/com.TTT.collagemaker.photoeditor.layout.photocollage\/files\/draft\/id_1652078085881\/sticker\/drawable4.png","matrix":"0.20917223,0.0,652.953,0.0,0.20917223,630.04694,0.0,0.0,1.0","color_fill":-14678702},{"lock":false,"type":"frame","path_mask":"\/data\/user\/0\/com.TTT.collagemaker.photoeditor.layout.photocollage\/files\/draft\/id_1652078085881\/sticker\/mask5.png","path_frame":"\/data\/user\/0\/com.TTT.collagemaker.photoeditor.layout.photocollage\/files\/draft\/id_1652078085881\/sticker\/frame5.png","matrix_crop":"1.0285715,0.0,0.0,0.0,1.0285715,0.0,0.0,0.0,1.0","matrix":"0.19667912,0.0,659.6993,0.0,0.19667912,636.7932,0.0,0.0,1.0"},{"lock":false,"type":"drawable","path_drawable":"\/data\/user\/0\/com.TTT.collagemaker.photoeditor.layout.photocollage\/files\/draft\/id_1652078085881\/sticker\/drawable6.png","matrix":"0.20917223,0.0,201.14099,0.0,0.20917223,630.04694,0.0,0.0,1.0","color_fill":-14678702},{"lock":false,"type":"frame","path_mask":"\/data\/user\/0\/com.TTT.collagemaker.photoeditor.layout.photocollage\/files\/draft\/id_1652078085881\/sticker\/mask7.png","path_frame":"\/data\/user\/0\/com.TTT.collagemaker.photoeditor.layout.photocollage\/files\/draft\/id_1652078085881\/sticker\/frame7.png","matrix_crop":"1.0285715,0.0,0.0,0.0,1.0285715,0.0,0.0,0.0,1.0","matrix":"0.19667912,0.0,433.79327,0.0,0.19667912,839.2131,0.0,0.0,1.0"},{"lock":false,"type":"frame","path_mask":"\/data\/user\/0\/com.TTT.collagemaker.photoeditor.layout.photocollage\/files\/draft\/id_1652078085881\/sticker\/mask8.png","path_frame":"\/data\/user\/0\/com.TTT.collagemaker.photoeditor.layout.photocollage\/files\/draft\/id_1652078085881\/sticker\/frame8.png","matrix_crop":"1.0285715,0.0,0.0,0.0,1.0285715,0.0,0.0,0.0,1.0","matrix":"0.19667912,0.0,207.88727,0.0,0.19667912,636.7932,0.0,0.0,1.0"},{"lock":false,"type":"drawable","path_drawable":"\/data\/user\/0\/com.TTT.collagemaker.photoeditor.layout.photocollage\/files\/draft\/id_1652078085881\/sticker\/drawable9.png","matrix":"0.33497226,0.0,359.115,0.0,0.33497226,562.1149,0.0,0.0,1.0","color_fill":-14678702},{"lock":false,"type":"frame","path_mask":"\/data\/user\/0\/com.TTT.collagemaker.photoeditor.layout.photocollage\/files\/draft\/id_1652078085881\/sticker\/mask10.png","path_frame":"\/data\/user\/0\/com.TTT.collagemaker.photoeditor.layout.photocollage\/files\/draft\/id_1652078085881\/sticker\/frame10.png","matrix_crop":"1.0285715,0.0,0.0,0.0,1.0285715,0.0,0.0,0.0,1.0","matrix":"0.31847084,0.0,368.02576,0.0,0.31847084,571.0257,0.0,0.0,1.0"}]}