{"name_project":"1652241469955","create_time":1652241469955,"id":"id_1652241469955","width_screen":1080,"height_screen":1486,"type_collage":3,"path_background":"\/data\/user\/0\/com.TTT.collagemaker.photoeditor.layout.photocollage\/files\/draft\/id_1652241469955\/background.png","matrix_background":"0.82555556,0.0,93.53335,0.0,0.82555556,74.29999,0.0,0.0,1.0","sticker":[{"lock":false,"type":"drawable","path_drawable":"\/data\/user\/0\/com.TTT.collagemaker.photoeditor.layout.photocollage\/files\/draft\/id_1652241469955\/sticker\/drawable0.png","matrix":"0.8276998,0.0,93.53335,0.0,0.8276998,74.29999,0.0,0.0,1.0","color_fill":0},{"lock":false,"type":"frame","path_mask":"\/data\/user\/0\/com.TTT.collagemaker.photoeditor.layout.photocollage\/files\/draft\/id_1652241469955\/sticker\/mask1.png","path_frame":"\/data\/user\/0\/com.TTT.collagemaker.photoeditor.layout.photocollage\/files\/draft\/id_1652241469955\/sticker\/frame1.png","matrix_crop":"1.0285715,0.0,0.0,0.0,1.0285715,0.0,0.0,0.0,1.0","matrix":"0.2976118,0.0,247.44287,0.0,0.3985566,263.66525,0.0,0.0,1.0"},{"lock":false,"type":"frame","path_mask":"\/data\/user\/0\/com.TTT.collagemaker.photoeditor.layout.photocollage\/files\/draft\/id_1652241469955\/sticker\/mask2.png","path_frame":"\/data\/user\/0\/com.TTT.collagemaker.photoeditor.layout.photocollage\/files\/draft\/id_1652241469955\/sticker\/frame2.png","matrix_crop":"1.0285715,0.0,0.0,0.0,1.0285715,0.0,0.0,0.0,1.0","matrix":"0.29720575,0.0,534.01404,0.0,0.39645046,749.88556,0.0,0.0,1.0"}]}