{"name_project":"1651654776254","create_time":1651654776254,"id":"id_1651654776254","width_screen":1080,"height_screen":1486,"type_collage":3,"path_background":"\/data\/user\/0\/com.TTT.collagemaker.photoeditor.layout.photocollage\/files\/draft\/id_1651654776254\/background.png","matrix_background":"0.9,0.0,54.0,0.0,0.9,354.19998,0.0,0.0,1.0","sticker":[{"lock":true,"type":"drawable","path_drawable":"\/data\/user\/0\/com.TTT.collagemaker.photoeditor.layout.photocollage\/files\/draft\/id_1651654776254\/sticker\/drawable0.png","matrix":"0.72376615,0.0,54.0,0.0,0.72376615,354.19998,0.0,0.0,1.0","color_fill":0},{"lock":false,"type":"text","matrix":"1.4391121,0.0,193.99658,0.0,1.4558312,483.50317,0.0,0.0,1.0","content":"Happy","sizePx":60,"fontPosition":0,"fontName":"\/data\/user\/0\/com.TTT.collagemaker.photoeditor.layout.photocollage\/files\/font\/MISTRAL.TTF","alignment":2,"isLower":true,"isBold":false,"isUnderline":false,"isItalic":false,"spacing":0,"lineHeight":20,"textOpacity":255,"colorShadow":0,"blurShadow":80,"offsetX":10,"offsetY":5,"shadowPosition":0,"borderPosition":0,"colorBorder":0,"sizeBorder":5,"backgroundOpacity":255,"paddingBackgroundX":0,"paddingBackgroundY":0,"roundBackground":0,"curve":0,"gradientPosition":0,"angleGradientText":0,"palettePosition":0,"colorText":-16777216,"colorPosition":0,"colorBackgroundPosition":0,"colorBackground":0,"gradientBackgroundPosition":0,"angleGradientBackground":90,"colorBorderBackground":0,"colorBorderBackgroundPosition":0,"borderBackgroundOpacity":255,"sizeBorderBackground":3,"isLock":false},{"lock":false,"type":"text","matrix":"0.94034183,0.0,199.24438,0.0,0.94034183,607.9322,0.0,0.0,1.0","content":"Mother's\nDay","sizePx":60,"fontPosition":0,"fontName":"\/data\/user\/0\/com.TTT.collagemaker.photoeditor.layout.photocollage\/files\/font\/Amsterdam Personal Use.ttf","alignment":1,"isLower":true,"isBold":false,"isUnderline":false,"isItalic":false,"spacing":0,"lineHeight":20,"textOpacity":255,"colorShadow":0,"blurShadow":80,"offsetX":10,"offsetY":5,"shadowPosition":0,"borderPosition":0,"colorBorder":0,"sizeBorder":5,"backgroundOpacity":255,"paddingBackgroundX":0,"paddingBackgroundY":0,"roundBackground":0,"curve":0,"gradientPosition":0,"angleGradientText":0,"palettePosition":0,"colorText":-16777216,"colorPosition":0,"colorBackgroundPosition":0,"colorBackground":0,"gradientBackgroundPosition":0,"angleGradientBackground":90,"colorBorderBackground":0,"colorBorderBackgroundPosition":0,"borderBackgroundOpacity":255,"sizeBorderBackground":3,"isLock":false},{"lock":false,"type":"text","matrix":"0.6608237,0.0,195.30168,0.0,0.6608237,957.04297,0.0,0.0,1.0","content":"Thank for all you do","sizePx":60,"fontPosition":0,"fontName":"\/data\/user\/0\/com.TTT.collagemaker.photoeditor.layout.photocollage\/files\/font\/Eczar-Regular.ttf","alignment":2,"isLower":true,"isBold":false,"isUnderline":false,"isItalic":false,"spacing":0,"lineHeight":20,"textOpacity":255,"colorShadow":0,"blurShadow":80,"offsetX":10,"offsetY":5,"shadowPosition":0,"borderPosition":0,"colorBorder":0,"sizeBorder":5,"backgroundOpacity":255,"paddingBackgroundX":0,"paddingBackgroundY":0,"roundBackground":0,"curve":0,"gradientPosition":0,"angleGradientText":0,"palettePosition":0,"colorText":-16777216,"colorPosition":0,"colorBackgroundPosition":0,"colorBackground":0,"gradientBackgroundPosition":0,"angleGradientBackground":90,"colorBorderBackground":0,"colorBorderBackgroundPosition":0,"borderBackgroundOpacity":255,"sizeBorderBackground":3,"isLock":false}]}