{"name_project":"1652428941696","create_time":1652428941696,"id":"id_1652428941696","width_screen":1080,"height_screen":1486,"type_collage":3,"path_background":"\/data\/user\/0\/com.TTT.collagemaker.photoeditor.layout.photocollage\/files\/draft\/id_1652428941696\/background.png","matrix_background":"0.9,0.0,54.0,0.0,0.9,354.19998,0.0,0.0,1.0","sticker":[{"lock":false,"type":"drawable","path_drawable":"\/data\/user\/0\/com.TTT.collagemaker.photoeditor.layout.photocollage\/files\/draft\/id_1652428941696\/sticker\/drawable0.png","matrix":"0.7222103,0.0,54.0,0.0,0.7222103,354.19998,0.0,0.0,1.0","color_fill":0},{"lock":false,"type":"drawable","path_drawable":"\/data\/user\/0\/com.TTT.collagemaker.photoeditor.layout.photocollage\/files\/draft\/id_1652428941696\/sticker\/drawable1.png","matrix":"0.2860658,0.0,210.99683,0.0,0.19064504,417.27628,0.0,0.0,1.0","color_fill":-1},{"lock":false,"type":"drawable","path_drawable":"\/data\/user\/0\/com.TTT.collagemaker.photoeditor.layout.photocollage\/files\/draft\/id_1652428941696\/sticker\/drawable2.png","matrix":"0.2896725,0.0,613.66284,0.0,0.19304875,829.90063,0.0,0.0,1.0","color_fill":-1},{"lock":false,"type":"frame","path_mask":"\/data\/user\/0\/com.TTT.collagemaker.photoeditor.layout.photocollage\/files\/draft\/id_1652428941696\/sticker\/mask3.png","path_frame":"\/data\/user\/0\/com.TTT.collagemaker.photoeditor.layout.photocollage\/files\/draft\/id_1652428941696\/sticker\/frame3.png","matrix_crop":"1.0,0.0,-302.0,0.0,1.0,0.0,0.0,0.0,1.0","matrix":"0.20462039,0.0,229.9878,0.0,0.1548879,436.58514,0.0,0.0,1.0"},{"lock":false,"type":"frame","path_mask":"\/data\/user\/0\/com.TTT.collagemaker.photoeditor.layout.photocollage\/files\/draft\/id_1652428941696\/sticker\/mask4.png","path_frame":"\/data\/user\/0\/com.TTT.collagemaker.photoeditor.layout.photocollage\/files\/draft\/id_1652428941696\/sticker\/frame4.png","matrix_crop":"1.0,0.0,-270.5,0.0,1.0,0.0,0.0,0.0,1.0","matrix":"0.20462039,0.0,632.1533,0.0,0.1548879,850.5075,0.0,0.0,1.0"},{"lock":false,"type":"drawable","path_drawable":"\/data\/user\/0\/com.TTT.collagemaker.photoeditor.layout.photocollage\/files\/draft\/id_1652428941696\/sticker\/drawable5.png","matrix":"0.4258789,0.0,310.0254,0.0,0.3,560.02344,0.0,0.0,1.0","color_fill":-1},{"lock":false,"type":"frame","path_mask":"\/data\/user\/0\/com.TTT.collagemaker.photoeditor.layout.photocollage\/files\/draft\/id_1652428941696\/sticker\/mask6.png","path_frame":"\/data\/user\/0\/com.TTT.collagemaker.photoeditor.layout.photocollage\/files\/draft\/id_1652428941696\/sticker\/frame6.png","matrix_crop":"1.0212243,0.0,-254.55988,0.0,1.0212243,-172.51862,0.0,0.0,1.0","matrix":"0.3244442,0.0,328.57184,0.0,0.24988154,587.0874,0.0,0.0,1.0"}]}