{"name_project":"1636689933967","create_time":1636689933967,"id":"id_1636689933967","width_screen":1080,"height_screen":1776,"type_collage":3,"path_background":"\/data\/user\/0\/com.TTT.collagemaker.photoeditor.layout.photocollage\/files\/draft\/id_1636689933967\/background.png","matrix_background":"0.9,0.0,54.0,0.0,0.9,337.20004,0.0,0.0,1.0","sticker":[{"lock":true,"type":"drawable","path_drawable":"\/data\/user\/0\/com.TTT.collagemaker.photoeditor.layout.photocollage\/files\/draft\/id_1636689933967\/sticker\/drawable0.png","matrix":"1.237185,0.0,54.0,0.0,1.237185,337.20004,0.0,0.0,1.0","color_fill":0},{"lock":false,"type":"drawable","path_drawable":"\/data\/user\/0\/com.TTT.collagemaker.photoeditor.layout.photocollage\/files\/draft\/id_1636689933967\/sticker\/drawable1.png","matrix":"0.50478095,0.0,198.40771,0.0,0.50478095,599.96924,0.0,0.0,1.0","color_fill":0},{"lock":false,"type":"drawable","path_drawable":"\/data\/user\/0\/com.TTT.collagemaker.photoeditor.layout.photocollage\/files\/draft\/id_1636689933967\/sticker\/drawable2.png","matrix":"0.7148608,0.0,672.0005,0.0,0.7148608,518.333,0.0,0.0,1.0","color_fill":0},{"lock":false,"type":"drawable","path_drawable":"\/data\/user\/0\/com.TTT.collagemaker.photoeditor.layout.photocollage\/files\/draft\/id_1636689933967\/sticker\/drawable3.png","matrix":"0.22264645,0.0,279.9734,0.0,0.36486053,447.00006,0.0,0.0,1.0","color_fill":-1},{"lock":false,"type":"drawable","path_drawable":"\/data\/user\/0\/com.TTT.collagemaker.photoeditor.layout.photocollage\/files\/draft\/id_1636689933967\/sticker\/drawable4.png","matrix":"0.3,0.0,580.9779,0.0,0.22511445,785.9414,0.0,0.0,1.0","color_fill":-1},{"lock":false,"type":"frame","path_bitmap":"\/data\/user\/0\/com.TTT.collagemaker.photoeditor.layout.photocollage\/files\/draft\/id_1636689933967\/sticker\/bitmap5.png","path_mask":"\/data\/user\/0\/com.TTT.collagemaker.photoeditor.layout.photocollage\/files\/draft\/id_1636689933967\/sticker\/mask5.png","path_frame":"\/data\/user\/0\/com.TTT.collagemaker.photoeditor.layout.photocollage\/files\/draft\/id_1636689933967\/sticker\/frame5.png","matrix_crop":"1.7792422,0.0,-123.65735,0.0,1.7792422,0.0,0.0,0.0,1.0","matrix":"0.269358,0.0,597.5246,0.0,0.1909536,800.44336,0.0,0.0,1.0"},{"lock":false,"type":"frame","path_bitmap":"\/data\/user\/0\/com.TTT.collagemaker.photoeditor.layout.photocollage\/files\/draft\/id_1636689933967\/sticker\/bitmap6.png","path_mask":"\/data\/user\/0\/com.TTT.collagemaker.photoeditor.layout.photocollage\/files\/draft\/id_1636689933967\/sticker\/mask6.png","path_frame":"\/data\/user\/0\/com.TTT.collagemaker.photoeditor.layout.photocollage\/files\/draft\/id_1636689933967\/sticker\/frame6.png","matrix_crop":"2.0610688,0.0,0.0,0.0,2.0610688,-84.503845,0.0,0.0,1.0","matrix":"0.20459348,0.0,289.722,0.0,0.26105952,458.99713,0.0,0.0,1.0"},{"lock":false,"type":"drawable","path_drawable":"\/data\/user\/0\/com.TTT.collagemaker.photoeditor.layout.photocollage\/files\/draft\/id_1636689933967\/sticker\/drawable7.png","matrix":"0.18884952,0.0,580.9779,0.0,0.25726396,418.31042,0.0,0.0,1.0","color_fill":-1},{"lock":false,"type":"frame","path_bitmap":"\/data\/user\/0\/com.TTT.collagemaker.photoeditor.layout.photocollage\/files\/draft\/id_1636689933967\/sticker\/bitmap8.png","path_mask":"\/data\/user\/0\/com.TTT.collagemaker.photoeditor.layout.photocollage\/files\/draft\/id_1636689933967\/sticker\/mask8.png","path_frame":"\/data\/user\/0\/com.TTT.collagemaker.photoeditor.layout.photocollage\/files\/draft\/id_1636689933967\/sticker\/frame8.png","matrix_crop":"1.6689394,0.0,-50.687122,0.0,1.6689394,-29.395996,0.0,0.0,1.0","matrix":"0.17609426,0.0,587.8182,0.0,0.24107131,427.85986,0.0,0.0,1.0"},{"lock":false,"type":"drawable","path_drawable":"\/data\/user\/0\/com.TTT.collagemaker.photoeditor.layout.photocollage\/files\/draft\/id_1636689933967\/sticker\/drawable9.png","matrix":"0.14602944,0.0,218.34897,0.0,0.14602944,927.0253,0.0,0.0,1.0","color_fill":0},{"lock":false,"type":"drawable","path_drawable":"\/data\/user\/0\/com.TTT.collagemaker.photoeditor.layout.photocollage\/files\/draft\/id_1636689933967\/sticker\/drawable10.png","matrix":"0.2110656,-0.040665217,446.6153,0.040665217,0.2110656,599.96924,0.0,0.0,1.0","color_fill":0},{"lock":false,"type":"drawable","path_drawable":"\/data\/user\/0\/com.TTT.collagemaker.photoeditor.layout.photocollage\/files\/draft\/id_1636689933967\/sticker\/drawable11.png","matrix":"0.13871719,0.0,796.7837,0.0,0.13871719,624.82434,0.0,0.0,1.0","color_fill":0},{"lock":false,"type":"drawable","path_drawable":"\/data\/user\/0\/com.TTT.collagemaker.photoeditor.layout.photocollage\/files\/draft\/id_1636689933967\/sticker\/drawable12.png","matrix":"0.6797674,0.07768473,756.18286,-0.07768473,0.6797674,406.276,0.0,0.0,1.0","color_fill":0},{"lock":false,"type":"drawable","path_drawable":"\/data\/user\/0\/com.TTT.collagemaker.photoeditor.layout.photocollage\/files\/draft\/id_1636689933967\/sticker\/drawable13.png","matrix":"0.67449105,0.0,27.66346,0.0,0.67449105,628.4732,0.0,0.0,1.0","color_fill":0},{"lock":false,"type":"drawable","path_drawable":"\/data\/user\/0\/com.TTT.collagemaker.photoeditor.layout.photocollage\/files\/draft\/id_1636689933967\/sticker\/drawable14.png","matrix":"0.11629548,0.051760692,540.0,-0.051760692,0.11629548,418.2199,0.0,0.0,1.0","color_fill":0},{"lock":false,"type":"drawable","path_drawable":"\/data\/user\/0\/com.TTT.collagemaker.photoeditor.layout.photocollage\/files\/draft\/id_1636689933967\/sticker\/drawable15.png","matrix":"0.0800234,0.0,904.9779,0.0,0.0800234,585.0205,0.0,0.0,1.0","color_fill":0},{"lock":false,"type":"drawable","path_drawable":"\/data\/user\/0\/com.TTT.collagemaker.photoeditor.layout.photocollage\/files\/draft\/id_1636689933967\/sticker\/drawable16.png","matrix":"0.0800234,0.0,227.95497,0.0,0.0800234,628.4732,0.0,0.0,1.0","color_fill":0},{"lock":false,"type":"drawable","path_drawable":"\/data\/user\/0\/com.TTT.collagemaker.photoeditor.layout.photocollage\/files\/draft\/id_1636689933967\/sticker\/drawable17.png","matrix":"0.07210807,0.0,306.3606,0.0,0.10541999,915.2115,0.0,0.0,1.0","color_fill":-1},{"lock":false,"type":"drawable","path_drawable":"\/data\/user\/0\/com.TTT.collagemaker.photoeditor.layout.photocollage\/files\/draft\/id_1636689933967\/sticker\/drawable18.png","matrix":"0.07210807,0.0,400.20245,0.0,0.10541999,915.2115,0.0,0.0,1.0","color_fill":-1},{"lock":false,"type":"drawable","path_drawable":"\/data\/user\/0\/com.TTT.collagemaker.photoeditor.layout.photocollage\/files\/draft\/id_1636689933967\/sticker\/drawable19.png","matrix":"0.07210807,0.0,492.19022,0.0,0.10541999,915.2115,0.0,0.0,1.0","color_fill":-1},{"lock":false,"type":"drawable","path_drawable":"\/data\/user\/0\/com.TTT.collagemaker.photoeditor.layout.photocollage\/files\/draft\/id_1636689933967\/sticker\/drawable20.png","matrix":"0.06810975,0.0,308.51968,0.0,0.08505296,918.70514,0.0,0.0,1.0","color_fill":-3159872},{"lock":false,"type":"drawable","path_drawable":"\/data\/user\/0\/com.TTT.collagemaker.photoeditor.layout.photocollage\/files\/draft\/id_1636689933967\/sticker\/drawable21.png","matrix":"0.06810975,0.0,402.36154,0.0,0.08505296,918.70514,0.0,0.0,1.0","color_fill":-4229052},{"lock":false,"type":"drawable","path_drawable":"\/data\/user\/0\/com.TTT.collagemaker.photoeditor.layout.photocollage\/files\/draft\/id_1636689933967\/sticker\/drawable22.png","matrix":"0.06810975,0.0,494.20074,0.0,0.08505296,918.70514,0.0,0.0,1.0","color_fill":-9626338},{"lock":false,"type":"text","matrix":"0.8591056,0.1468334,318.1784,-0.1468334,0.8591056,779.1036,0.0,0.0,1.0","content":"All Natural","sizePx":60,"fontPosition":0,"fontName":"\/data\/user\/0\/com.TTT.collagemaker.photoeditor.layout.photocollage\/files\/font\/Brittany Angella-signature.ttf","alignment":2,"isLower":true,"isBold":false,"isUnderline":false,"isItalic":false,"spacing":0,"lineHeight":20,"textOpacity":255,"colorShadow":0,"blurShadow":80,"offsetX":10,"offsetY":5,"shadowPosition":0,"borderPosition":0,"colorBorder":0,"sizeBorder":5,"backgroundOpacity":255,"paddingBackgroundX":0,"paddingBackgroundY":0,"roundBackground":0,"curve":0,"gradientPosition":0,"angleGradientText":0,"palettePosition":0,"colorText":-16777216,"colorPosition":0,"colorBackgroundPosition":0,"colorBackground":0,"gradientBackgroundPosition":0,"angleGradientBackground":90,"colorBorderBackground":0,"colorBorderBackgroundPosition":0,"borderBackgroundOpacity":255,"sizeBorderBackground":3,"isLock":false}]}