{"name_project":"1637423694840","create_time":1637423694840,"id":"id_1637423694840","width_screen":1080,"height_screen":1776,"type_collage":6,"path_background":"\/data\/user\/0\/com.TTT.collagemaker.photoeditor.layout.photocollage\/files\/draft\/id_1637423694840\/background.png","matrix_background":"0.80999994,0.0,102.6,0.0,0.80999994,376.08005,0.0,0.0,1.0","sticker":[{"lock":false,"type":"frame","path_bitmap":"\/data\/user\/0\/com.TTT.collagemaker.photoeditor.layout.photocollage\/files\/draft\/id_1637423694840\/sticker\/bitmap0.png","path_mask":"\/data\/user\/0\/com.TTT.collagemaker.photoeditor.layout.photocollage\/files\/draft\/id_1637423694840\/sticker\/mask0.png","path_frame":"\/data\/user\/0\/com.TTT.collagemaker.photoeditor.layout.photocollage\/files\/draft\/id_1637423694840\/sticker\/frame0.png","matrix_crop":"2.5899282,0.0,-6.4748535,0.0,2.5899282,0.0,0.0,0.0,1.0","matrix":"0.27221772,0.0,172.26,0.0,0.21232183,494.83228,0.0,0.0,1.0"},{"lock":false,"type":"frame","path_bitmap":"\/data\/user\/0\/com.TTT.collagemaker.photoeditor.layout.photocollage\/files\/draft\/id_1637423694840\/sticker\/bitmap1.png","path_mask":"\/data\/user\/0\/com.TTT.collagemaker.photoeditor.layout.photocollage\/files\/draft\/id_1637423694840\/sticker\/mask1.png","path_frame":"\/data\/user\/0\/com.TTT.collagemaker.photoeditor.layout.photocollage\/files\/draft\/id_1637423694840\/sticker\/frame1.png","matrix_crop":"3.483871,0.0,-289.16132,0.0,3.483871,0.0,0.0,0.0,1.0","matrix":"0.23300746,0.0,288.352,0.0,0.16397958,444.12003,0.0,0.0,1.0"},{"lock":false,"type":"frame","path_bitmap":"\/data\/user\/0\/com.TTT.collagemaker.photoeditor.layout.photocollage\/files\/draft\/id_1637423694840\/sticker\/bitmap2.png","path_mask":"\/data\/user\/0\/com.TTT.collagemaker.photoeditor.layout.photocollage\/files\/draft\/id_1637423694840\/sticker\/mask2.png","path_frame":"\/data\/user\/0\/com.TTT.collagemaker.photoeditor.layout.photocollage\/files\/draft\/id_1637423694840\/sticker\/frame2.png","matrix_crop":"3.2727273,0.0,-271.63635,0.0,3.2727273,0.0,0.0,0.0,1.0","matrix":"0.24777903,0.0,540.0,0.0,0.1627177,444.12003,0.0,0.0,1.0"},{"lock":false,"type":"frame","path_bitmap":"\/data\/user\/0\/com.TTT.collagemaker.photoeditor.layout.photocollage\/files\/draft\/id_1637423694840\/sticker\/bitmap3.png","path_mask":"\/data\/user\/0\/com.TTT.collagemaker.photoeditor.layout.photocollage\/files\/draft\/id_1637423694840\/sticker\/mask3.png","path_frame":"\/data\/user\/0\/com.TTT.collagemaker.photoeditor.layout.photocollage\/files\/draft\/id_1637423694840\/sticker\/frame3.png","matrix_crop":"2.6600986,0.0,0.0,0.0,2.6600986,-176.89655,0.0,0.0,1.0","matrix":"0.34452677,0.0,540.0,0.0,0.3586187,589.9855,0.0,0.0,1.0"},{"lock":false,"type":"frame","path_bitmap":"\/data\/user\/0\/com.TTT.collagemaker.photoeditor.layout.photocollage\/files\/draft\/id_1637423694840\/sticker\/bitmap4.png","path_mask":"\/data\/user\/0\/com.TTT.collagemaker.photoeditor.layout.photocollage\/files\/draft\/id_1637423694840\/sticker\/mask4.png","path_frame":"\/data\/user\/0\/com.TTT.collagemaker.photoeditor.layout.photocollage\/files\/draft\/id_1637423694840\/sticker\/frame4.png","matrix_crop":"2.7135677,0.0,-206.23114,0.0,2.7135677,0.0,0.0,0.0,1.0","matrix":"0.27040595,0.0,204.74245,0.0,0.2236094,726.0,0.0,0.0,1.0"},{"lock":false,"type":"frame","path_bitmap":"\/data\/user\/0\/com.TTT.collagemaker.photoeditor.layout.photocollage\/files\/draft\/id_1637423694840\/sticker\/bitmap5.png","path_mask":"\/data\/user\/0\/com.TTT.collagemaker.photoeditor.layout.photocollage\/files\/draft\/id_1637423694840\/sticker\/mask5.png","path_frame":"\/data\/user\/0\/com.TTT.collagemaker.photoeditor.layout.photocollage\/files\/draft\/id_1637423694840\/sticker\/frame5.png","matrix_crop":"3.7370243,0.0,0.0,0.0,3.7370243,-13.07959,0.0,0.0,1.0","matrix":"0.21082631,0.0,422.97913,0.0,0.2092026,780.77844,0.0,0.0,1.0"},{"lock":false,"type":"frame","path_bitmap":"\/data\/user\/0\/com.TTT.collagemaker.photoeditor.layout.photocollage\/files\/draft\/id_1637423694840\/sticker\/bitmap6.png","path_mask":"\/data\/user\/0\/com.TTT.collagemaker.photoeditor.layout.photocollage\/files\/draft\/id_1637423694840\/sticker\/mask6.png","path_frame":"\/data\/user\/0\/com.TTT.collagemaker.photoeditor.layout.photocollage\/files\/draft\/id_1637423694840\/sticker\/frame6.png","matrix_crop":"2.6535625,0.0,0.0,0.0,2.6535625,-7.9606934,0.0,0.0,1.0","matrix":"0.24410349,0.0,408.1841,0.0,0.24410349,594.1841,0.0,0.0,1.0"},{"lock":false,"type":"drawable","path_drawable":"\/data\/user\/0\/com.TTT.collagemaker.photoeditor.layout.photocollage\/files\/draft\/id_1637423694840\/sticker\/drawable7.png","matrix":"-0.0045564454,0.76555026,355.851,-0.6952304,-0.0050173094,453.51163,0.0,0.0,1.0","color_fill":0},{"lock":false,"type":"drawable","path_drawable":"\/data\/user\/0\/com.TTT.collagemaker.photoeditor.layout.photocollage\/files\/draft\/id_1637423694840\/sticker\/drawable8.png","matrix":"0.6952437,0.0016760146,163.35,-0.001522066,0.76556486,541.7787,0.0,0.0,1.0","color_fill":0},{"lock":false,"type":"drawable","path_drawable":"\/data\/user\/0\/com.TTT.collagemaker.photoeditor.layout.photocollage\/files\/draft\/id_1637423694840\/sticker\/drawable9.png","matrix":"0.6952437,0.0016760146,196.25607,-0.001522066,0.76556486,805.4104,0.0,0.0,1.0","color_fill":0},{"lock":false,"type":"drawable","path_drawable":"\/data\/user\/0\/com.TTT.collagemaker.photoeditor.layout.photocollage\/files\/draft\/id_1637423694840\/sticker\/drawable10.png","matrix":"0.6952437,0.0016760146,900.19696,-0.001522066,0.76556486,726.07153,0.0,0.0,1.0","color_fill":0},{"lock":false,"type":"drawable","path_drawable":"\/data\/user\/0\/com.TTT.collagemaker.photoeditor.layout.photocollage\/files\/draft\/id_1637423694840\/sticker\/drawable11.png","matrix":"0.5318101,0.49311692,726.04443,-0.44782162,0.5856005,441.196,0.0,0.0,1.0","color_fill":0},{"lock":false,"type":"drawable","path_drawable":"\/data\/user\/0\/com.TTT.collagemaker.photoeditor.layout.photocollage\/files\/draft\/id_1637423694840\/sticker\/drawable12.png","matrix":"-9.4995595E-4,0.7655659,487.5811,-0.6952447,-0.0010460409,610.594,0.0,0.0,1.0","color_fill":0}]}