{"name_project":"1652426839127","create_time":1652426839127,"id":"id_1652426839127","width_screen":1080,"height_screen":1486,"type_collage":6,"path_background":"\/data\/user\/0\/com.TTT.collagemaker.photoeditor.layout.photocollage\/files\/draft\/id_1652426839127\/background.png","matrix_background":"0.80999994,0.0,102.6,0.0,0.80999994,393.08,0.0,0.0,1.0","sticker":[{"lock":false,"type":"frame","path_mask":"\/data\/user\/0\/com.TTT.collagemaker.photoeditor.layout.photocollage\/files\/draft\/id_1652426839127\/sticker\/mask0.png","path_frame":"\/data\/user\/0\/com.TTT.collagemaker.photoeditor.layout.photocollage\/files\/draft\/id_1652426839127\/sticker\/frame0.png","matrix_crop":"1.0,0.0,-421.5,0.0,1.0,0.0,0.0,0.0,1.0","matrix":"0.20356706,-0.040026385,239.45338,0.05940152,0.1371691,608.9553,0.0,0.0,1.0"},{"lock":false,"type":"frame","path_mask":"\/data\/user\/0\/com.TTT.collagemaker.photoeditor.layout.photocollage\/files\/draft\/id_1652426839127\/sticker\/mask1.png","path_frame":"\/data\/user\/0\/com.TTT.collagemaker.photoeditor.layout.photocollage\/files\/draft\/id_1652426839127\/sticker\/frame1.png","matrix_crop":"1.0,0.0,-180.0,0.0,1.0,0.0,0.0,0.0,1.0","matrix":"0.21079223,0.015581615,214.82204,-0.023124047,0.14203762,846.2256,0.0,0.0,1.0"},{"lock":false,"type":"frame","path_mask":"\/data\/user\/0\/com.TTT.collagemaker.photoeditor.layout.photocollage\/files\/draft\/id_1652426839127\/sticker\/mask2.png","path_frame":"\/data\/user\/0\/com.TTT.collagemaker.photoeditor.layout.photocollage\/files\/draft\/id_1652426839127\/sticker\/frame2.png","matrix_crop":"0.849282,0.0,-55.372284,0.0,0.849282,-248.45697,0.0,0.0,1.0","matrix":"0.20963393,0.021538287,631.49347,-0.031964097,0.14125712,683.9817,0.0,0.0,1.0"},{"lock":false,"type":"frame","path_mask":"\/data\/user\/0\/com.TTT.collagemaker.photoeditor.layout.photocollage\/files\/draft\/id_1652426839127\/sticker\/mask3.png","path_frame":"\/data\/user\/0\/com.TTT.collagemaker.photoeditor.layout.photocollage\/files\/draft\/id_1652426839127\/sticker\/frame3.png","matrix_crop":"0.86997074,0.0,-236.60397,0.0,0.86997074,-197.84854,0.0,0.0,1.0","matrix":"0.21090144,-0.014895639,647.58075,0.022106001,0.14211121,836.5394,0.0,0.0,1.0"},{"lock":false,"type":"frame","path_mask":"\/data\/user\/0\/com.TTT.collagemaker.photoeditor.layout.photocollage\/files\/draft\/id_1652426839127\/sticker\/mask4.png","path_frame":"\/data\/user\/0\/com.TTT.collagemaker.photoeditor.layout.photocollage\/files\/draft\/id_1652426839127\/sticker\/frame4.png","matrix_crop":"0.77067465,0.0,-70.86607,0.0,0.77067465,-53.823273,0.0,0.0,1.0","matrix":"0.24334463,-0.0018513744,409.59363,0.0027475406,0.1639723,743.0,0.0,0.0,1.0"},{"lock":false,"type":"text","matrix":"2.0420167,0.0,336.8039,0.0,2.0420167,426.60324,0.0,0.0,1.0","content":"Traveling","sizePx":60,"fontPosition":0,"fontName":"\/data\/user\/0\/com.TTT.collagemaker.photoeditor.layout.photocollage\/files\/font\/Playball-Regular.ttf","alignment":2,"isLower":true,"isBold":false,"isUnderline":false,"isItalic":false,"spacing":0,"lineHeight":20,"textOpacity":255,"colorShadow":0,"blurShadow":80,"offsetX":10,"offsetY":5,"shadowPosition":0,"borderPosition":0,"colorBorder":0,"sizeBorder":5,"backgroundOpacity":255,"paddingBackgroundX":0,"paddingBackgroundY":0,"roundBackground":0,"curve":0,"gradientPosition":0,"angleGradientText":0,"palettePosition":0,"colorText":-16777216,"colorPosition":0,"colorBackgroundPosition":0,"colorBackground":0,"gradientBackgroundPosition":0,"angleGradientBackground":90,"colorBorderBackground":0,"colorBorderBackgroundPosition":0,"borderBackgroundOpacity":255,"sizeBorderBackground":3,"isLock":false},{"lock":false,"type":"text","matrix":"0.43648487,0.0,431.78058,0.0,0.43648487,1030.3063,0.0,0.0,1.0","content":"reallygreatsite.com","sizePx":60,"fontPosition":0,"fontName":"\/data\/user\/0\/com.TTT.collagemaker.photoeditor.layout.photocollage\/files\/font\/GlacialIndifference-Regular.otf","alignment":2,"isLower":true,"isBold":false,"isUnderline":false,"isItalic":false,"spacing":0,"lineHeight":20,"textOpacity":255,"colorShadow":0,"blurShadow":80,"offsetX":10,"offsetY":5,"shadowPosition":0,"borderPosition":0,"colorBorder":0,"sizeBorder":5,"backgroundOpacity":255,"paddingBackgroundX":0,"paddingBackgroundY":0,"roundBackground":0,"curve":0,"gradientPosition":0,"angleGradientText":0,"palettePosition":0,"colorText":-16777216,"colorPosition":0,"colorBackgroundPosition":0,"colorBackground":0,"gradientBackgroundPosition":0,"angleGradientBackground":90,"colorBorderBackground":0,"colorBorderBackgroundPosition":0,"borderBackgroundOpacity":255,"sizeBorderBackground":3,"isLock":false}]}