{"name_project":"1637147667839","create_time":1637147667839,"id":"id_1637147667839","width_screen":1080,"height_screen":1776,"type_collage":3,"path_background":"\/data\/user\/0\/com.TTT.collagemaker.photoeditor.layout.photocollage\/files\/draft\/id_1637147667839\/background.png","matrix_background":"0.9,0.0,54.0,0.0,0.9,337.20004,0.0,0.0,1.0","sticker":[{"lock":false,"type":"frame","path_bitmap":"\/data\/user\/0\/com.TTT.collagemaker.photoeditor.layout.photocollage\/files\/draft\/id_1637147667839\/sticker\/bitmap0.png","path_mask":"\/data\/user\/0\/com.TTT.collagemaker.photoeditor.layout.photocollage\/files\/draft\/id_1637147667839\/sticker\/mask0.png","path_frame":"\/data\/user\/0\/com.TTT.collagemaker.photoeditor.layout.photocollage\/files\/draft\/id_1637147667839\/sticker\/frame0.png","matrix_crop":"0.9541407,0.0,1.1721649,0.0,0.9541407,-5.0716476,0.0,0.0,1.0","matrix":"0.28886718,0.0,54.0,0.0,0.72290134,337.20004,0.0,0.0,1.0"},{"lock":false,"type":"frame","path_bitmap":"\/data\/user\/0\/com.TTT.collagemaker.photoeditor.layout.photocollage\/files\/draft\/id_1637147667839\/sticker\/bitmap1.png","path_mask":"\/data\/user\/0\/com.TTT.collagemaker.photoeditor.layout.photocollage\/files\/draft\/id_1637147667839\/sticker\/mask1.png","path_frame":"\/data\/user\/0\/com.TTT.collagemaker.photoeditor.layout.photocollage\/files\/draft\/id_1637147667839\/sticker\/frame1.png","matrix_crop":"0.97729754,0.0,-34.68695,0.0,0.97729754,-19.94506,0.0,0.0,1.0","matrix":"0.28886718,0.0,384.01172,0.0,0.72290134,337.20004,0.0,0.0,1.0"},{"lock":false,"type":"frame","path_bitmap":"\/data\/user\/0\/com.TTT.collagemaker.photoeditor.layout.photocollage\/files\/draft\/id_1637147667839\/sticker\/bitmap2.png","path_mask":"\/data\/user\/0\/com.TTT.collagemaker.photoeditor.layout.photocollage\/files\/draft\/id_1637147667839\/sticker\/mask2.png","path_frame":"\/data\/user\/0\/com.TTT.collagemaker.photoeditor.layout.photocollage\/files\/draft\/id_1637147667839\/sticker\/frame2.png","matrix_crop":"0.9860981,0.0,2.7083075,0.0,0.9860981,-53.890884,0.0,0.0,1.0","matrix":"0.28886718,0.0,714.02344,0.0,0.72290134,337.20004,0.0,0.0,1.0"},{"lock":false,"type":"drawable","path_drawable":"\/data\/user\/0\/com.TTT.collagemaker.photoeditor.layout.photocollage\/files\/draft\/id_1637147667839\/sticker\/drawable3.png","matrix":"1.0582445,0.0,-31.451996,0.0,1.0582445,786.18134,0.0,0.0,1.0","color_fill":0},{"lock":false,"type":"text","matrix":"1.3694046,0.0,286.59125,0.0,1.3694046,862.59143,0.0,0.0,1.0","content":"Miles & Mica","sizePx":60,"fontPosition":0,"fontName":"\/data\/user\/0\/com.TTT.collagemaker.photoeditor.layout.photocollage\/files\/font\/PlayfairDisplay-Bold.otf","alignment":2,"isLower":true,"isBold":false,"isUnderline":false,"isItalic":false,"spacing":0,"lineHeight":20,"textOpacity":255,"colorShadow":0,"blurShadow":80,"offsetX":10,"offsetY":5,"shadowPosition":0,"borderPosition":0,"colorBorder":0,"sizeBorder":5,"backgroundOpacity":255,"paddingBackgroundX":0,"paddingBackgroundY":0,"roundBackground":0,"curve":0,"gradientPosition":0,"angleGradientText":0,"palettePosition":0,"colorText":-11437729,"colorPosition":0,"colorBackgroundPosition":0,"colorBackground":0,"gradientBackgroundPosition":0,"angleGradientBackground":90,"colorBorderBackground":0,"colorBorderBackgroundPosition":0,"borderBackgroundOpacity":255,"sizeBorderBackground":3,"isLock":false},{"lock":false,"type":"text","matrix":"0.50454867,0.0,341.0526,0.0,0.50454867,964.20447,0.0,0.0,1.0","content":"FINALLY GETTING MARRIED!","sizePx":60,"fontPosition":0,"fontName":"\/data\/user\/0\/com.TTT.collagemaker.photoeditor.layout.photocollage\/files\/font\/SourceSansPro-Light.otf","alignment":2,"isLower":true,"isBold":false,"isUnderline":false,"isItalic":false,"spacing":0.07999999821186066,"lineHeight":20,"textOpacity":255,"colorShadow":0,"blurShadow":80,"offsetX":10,"offsetY":5,"shadowPosition":0,"borderPosition":0,"colorBorder":0,"sizeBorder":5,"backgroundOpacity":255,"paddingBackgroundX":0,"paddingBackgroundY":0,"roundBackground":0,"curve":0,"gradientPosition":0,"angleGradientText":0,"palettePosition":0,"colorText":-16777216,"colorPosition":0,"colorBackgroundPosition":0,"colorBackground":0,"gradientBackgroundPosition":0,"angleGradientBackground":90,"colorBorderBackground":0,"colorBorderBackgroundPosition":0,"borderBackgroundOpacity":255,"sizeBorderBackground":3,"isLock":false},{"lock":false,"type":"text","matrix":"0.6721486,0.0,422.30603,0.0,0.6721486,1019.1471,0.0,0.0,1.0","content":"April 17, 2020","sizePx":60,"fontPosition":0,"fontName":"\/data\/user\/0\/com.TTT.collagemaker.photoeditor.layout.photocollage\/files\/font\/PlayfairDisplay-Regular.otf","alignment":2,"isLower":true,"isBold":false,"isUnderline":false,"isItalic":false,"spacing":0,"lineHeight":20,"textOpacity":255,"colorShadow":0,"blurShadow":80,"offsetX":10,"offsetY":5,"shadowPosition":0,"borderPosition":0,"colorBorder":0,"sizeBorder":5,"backgroundOpacity":255,"paddingBackgroundX":0,"paddingBackgroundY":0,"roundBackground":0,"curve":0,"gradientPosition":0,"angleGradientText":0,"palettePosition":0,"colorText":-11503265,"colorPosition":0,"colorBackgroundPosition":0,"colorBackground":0,"gradientBackgroundPosition":0,"angleGradientBackground":90,"colorBorderBackground":0,"colorBorderBackgroundPosition":0,"borderBackgroundOpacity":255,"sizeBorderBackground":3,"isLock":false},{"lock":false,"type":"drawable","path_drawable":"\/data\/user\/0\/com.TTT.collagemaker.photoeditor.layout.photocollage\/files\/draft\/id_1637147667839\/sticker\/drawable7.png","matrix":"0.72115546,0.0,185.82957,0.0,0.72115546,873.2336,0.0,0.0,1.0","color_fill":0},{"lock":false,"type":"drawable","path_drawable":"\/data\/user\/0\/com.TTT.collagemaker.photoeditor.layout.photocollage\/files\/draft\/id_1637147667839\/sticker\/drawable8.png","matrix":"0.6518598,-0.30845425,857.89075,0.30845425,0.6518598,873.2336,0.0,0.0,1.0","color_fill":0}]}