{"name_project":"1652070751488","create_time":1652070751488,"id":"id_1652070751488","width_screen":1080,"height_screen":1486,"type_collage":3,"path_background":"\/data\/user\/0\/com.TTT.collagemaker.photoeditor.layout.photocollage\/files\/draft\/id_1652070751488\/background.png","matrix_background":"0.9,0.0,54.0,0.0,0.9,354.19998,0.0,0.0,1.0","sticker":[{"lock":false,"type":"drawable","path_drawable":"\/data\/user\/0\/com.TTT.collagemaker.photoeditor.layout.photocollage\/files\/draft\/id_1652070751488\/sticker\/drawable0.png","matrix":"0.71831995,-7.0460643E-10,54.0,7.0460643E-10,0.71831995,354.19998,0.0,0.0,1.0","color_fill":0},{"lock":false,"type":"frame","path_mask":"\/data\/user\/0\/com.TTT.collagemaker.photoeditor.layout.photocollage\/files\/draft\/id_1652070751488\/sticker\/mask1.png","path_frame":"\/data\/user\/0\/com.TTT.collagemaker.photoeditor.layout.photocollage\/files\/draft\/id_1652070751488\/sticker\/frame1.png","matrix_crop":"1.0809524,0.0,-27.5,0.0,1.0809524,0.0,0.0,0.0,1.0","matrix":"0.27315062,0.0,71.644775,0.0,0.23213443,388.90042,0.0,0.0,1.0"},{"lock":false,"type":"frame","path_mask":"\/data\/user\/0\/com.TTT.collagemaker.photoeditor.layout.photocollage\/files\/draft\/id_1652070751488\/sticker\/mask2.png","path_frame":"\/data\/user\/0\/com.TTT.collagemaker.photoeditor.layout.photocollage\/files\/draft\/id_1652070751488\/sticker\/frame2.png","matrix_crop":"1.0809524,0.0,-27.5,0.0,1.0809524,0.0,0.0,0.0,1.0","matrix":"0.27315062,0.0,392.49866,0.0,0.23213443,388.90042,0.0,0.0,1.0"},{"lock":false,"type":"frame","path_mask":"\/data\/user\/0\/com.TTT.collagemaker.photoeditor.layout.photocollage\/files\/draft\/id_1652070751488\/sticker\/mask3.png","path_frame":"\/data\/user\/0\/com.TTT.collagemaker.photoeditor.layout.photocollage\/files\/draft\/id_1652070751488\/sticker\/frame3.png","matrix_crop":"1.0809524,0.0,-27.5,0.0,1.0809524,0.0,0.0,0.0,1.0","matrix":"0.27315062,0.0,710.0832,0.0,0.23213443,388.90042,0.0,0.0,1.0"},{"lock":false,"type":"frame","path_mask":"\/data\/user\/0\/com.TTT.collagemaker.photoeditor.layout.photocollage\/files\/draft\/id_1652070751488\/sticker\/mask4.png","path_frame":"\/data\/user\/0\/com.TTT.collagemaker.photoeditor.layout.photocollage\/files\/draft\/id_1652070751488\/sticker\/frame4.png","matrix_crop":"1.0809524,0.0,-27.5,0.0,1.0809524,0.0,0.0,0.0,1.0","matrix":"0.27315062,0.0,71.644775,0.0,0.23213443,683.157,0.0,0.0,1.0"},{"lock":false,"type":"frame","path_mask":"\/data\/user\/0\/com.TTT.collagemaker.photoeditor.layout.photocollage\/files\/draft\/id_1652070751488\/sticker\/mask5.png","path_frame":"\/data\/user\/0\/com.TTT.collagemaker.photoeditor.layout.photocollage\/files\/draft\/id_1652070751488\/sticker\/frame5.png","matrix_crop":"1.0809524,0.0,-27.5,0.0,1.0809524,0.0,0.0,0.0,1.0","matrix":"0.27315062,0.0,392.49866,0.0,0.23213443,683.157,0.0,0.0,1.0"},{"lock":false,"type":"frame","path_mask":"\/data\/user\/0\/com.TTT.collagemaker.photoeditor.layout.photocollage\/files\/draft\/id_1652070751488\/sticker\/mask6.png","path_frame":"\/data\/user\/0\/com.TTT.collagemaker.photoeditor.layout.photocollage\/files\/draft\/id_1652070751488\/sticker\/frame6.png","matrix_crop":"1.0809524,0.0,-27.5,0.0,1.0809524,0.0,0.0,0.0,1.0","matrix":"0.27315062,0.0,710.0832,0.0,0.23213443,683.157,0.0,0.0,1.0"},{"lock":false,"type":"text","matrix":"1.0762686,0.0,330.65753,0.0,1.0762686,1000.3329,0.0,0.0,1.0","content":"Best Friends Forever","sizePx":60,"fontPosition":0,"fontName":"\/data\/user\/0\/com.TTT.collagemaker.photoeditor.layout.photocollage\/files\/font\/MISTRAL.TTF","alignment":2,"isLower":true,"isBold":false,"isUnderline":false,"isItalic":false,"spacing":0,"lineHeight":20,"textOpacity":255,"colorShadow":0,"blurShadow":80,"offsetX":10,"offsetY":5,"shadowPosition":0,"borderPosition":0,"colorBorder":0,"sizeBorder":5,"backgroundOpacity":255,"paddingBackgroundX":0,"paddingBackgroundY":0,"roundBackground":0,"curve":0,"gradientPosition":0,"angleGradientText":0,"palettePosition":0,"colorText":-16777216,"colorPosition":0,"colorBackgroundPosition":0,"colorBackground":0,"gradientBackgroundPosition":0,"angleGradientBackground":90,"colorBorderBackground":0,"colorBorderBackgroundPosition":0,"borderBackgroundOpacity":255,"sizeBorderBackground":3,"isLock":false}]}