{"name_project":"1652069578785","create_time":1652069578785,"id":"id_1652069578785","width_screen":1080,"height_screen":1486,"type_collage":3,"path_background":"\/data\/user\/0\/com.TTT.collagemaker.photoeditor.layout.photocollage\/files\/draft\/id_1652069578785\/background.png","matrix_background":"0.9,0.0,54.0,0.0,0.9,354.19998,0.0,0.0,1.0","sticker":[{"lock":false,"type":"drawable","path_drawable":"\/data\/user\/0\/com.TTT.collagemaker.photoeditor.layout.photocollage\/files\/draft\/id_1652069578785\/sticker\/drawable0.png","matrix":"0.7200767,0.0,54.0,0.0,0.7200767,354.19998,0.0,0.0,1.0","color_fill":0},{"lock":false,"type":"frame","path_mask":"\/data\/user\/0\/com.TTT.collagemaker.photoeditor.layout.photocollage\/files\/draft\/id_1652069578785\/sticker\/mask1.png","path_frame":"\/data\/user\/0\/com.TTT.collagemaker.photoeditor.layout.photocollage\/files\/draft\/id_1652069578785\/sticker\/frame1.png","matrix_crop":"1.2095238,0.0,-95.0,0.0,1.2095238,0.0,0.0,0.0,1.0","matrix":"0.26717168,0.0,173.00171,0.0,0.26717168,451.45703,0.0,0.0,1.0"},{"lock":false,"type":"frame","path_mask":"\/data\/user\/0\/com.TTT.collagemaker.photoeditor.layout.photocollage\/files\/draft\/id_1652069578785\/sticker\/mask2.png","path_frame":"\/data\/user\/0\/com.TTT.collagemaker.photoeditor.layout.photocollage\/files\/draft\/id_1652069578785\/sticker\/frame2.png","matrix_crop":"1.2095238,0.0,-95.0,0.0,1.2095238,0.0,0.0,0.0,1.0","matrix":"0.26717168,0.0,627.7018,0.0,0.26717168,451.45703,0.0,0.0,1.0"},{"lock":false,"type":"frame","path_mask":"\/data\/user\/0\/com.TTT.collagemaker.photoeditor.layout.photocollage\/files\/draft\/id_1652069578785\/sticker\/mask3.png","path_frame":"\/data\/user\/0\/com.TTT.collagemaker.photoeditor.layout.photocollage\/files\/draft\/id_1652069578785\/sticker\/frame3.png","matrix_crop":"1.2095238,0.0,-95.0,0.0,1.2095238,0.0,0.0,0.0,1.0","matrix":"0.26717168,0.0,395.7273,0.0,0.26717168,573.3459,0.0,0.0,1.0"},{"lock":false,"type":"drawable","path_drawable":"\/data\/user\/0\/com.TTT.collagemaker.photoeditor.layout.photocollage\/files\/draft\/id_1652069578785\/sticker\/drawable4.png","matrix":"0.19868591,0.0,54.0,0.0,0.19868591,354.19998,0.0,0.0,1.0","color_fill":0},{"lock":false,"type":"drawable","path_drawable":"\/data\/user\/0\/com.TTT.collagemaker.photoeditor.layout.photocollage\/files\/draft\/id_1652069578785\/sticker\/drawable5.png","matrix":"0.21353894,0.0,54.0,0.0,0.21353894,901.17816,0.0,0.0,1.0","color_fill":0},{"lock":false,"type":"text","matrix":"0.9936564,0.0,393.22314,0.0,0.9936564,995.90765,0.0,0.0,1.0","content":"Happy Family","sizePx":60,"fontPosition":0,"fontName":"\/data\/user\/0\/com.TTT.collagemaker.photoeditor.layout.photocollage\/files\/font\/Basketball.otf","alignment":2,"isLower":true,"isBold":false,"isUnderline":false,"isItalic":false,"spacing":0,"lineHeight":20,"textOpacity":255,"colorShadow":0,"blurShadow":80,"offsetX":10,"offsetY":5,"shadowPosition":0,"borderPosition":0,"colorBorder":0,"sizeBorder":5,"backgroundOpacity":255,"paddingBackgroundX":0,"paddingBackgroundY":0,"roundBackground":0,"curve":0,"gradientPosition":0,"angleGradientText":0,"palettePosition":0,"colorText":-1,"colorPosition":1,"colorBackgroundPosition":0,"colorBackground":0,"gradientBackgroundPosition":0,"angleGradientBackground":90,"colorBorderBackground":0,"colorBorderBackgroundPosition":0,"borderBackgroundOpacity":255,"sizeBorderBackground":3,"isLock":false}]}