{"name_project":"1652425867567","create_time":1652425867567,"id":"id_1652425867567","width_screen":1080,"height_screen":1486,"type_collage":3,"path_background":"\/data\/user\/0\/com.TTT.collagemaker.photoeditor.layout.photocollage\/files\/draft\/id_1652425867567\/background.png","matrix_background":"0.9,0.0,54.0,0.0,0.9,354.19998,0.0,0.0,1.0","sticker":[{"lock":false,"type":"drawable","path_drawable":"\/data\/user\/0\/com.TTT.collagemaker.photoeditor.layout.photocollage\/files\/draft\/id_1652425867567\/sticker\/drawable0.png","matrix":"0.72420037,0.0,54.0,0.0,0.72420037,354.19998,0.0,0.0,1.0","color_fill":0},{"lock":false,"type":"frame","path_mask":"\/data\/user\/0\/com.TTT.collagemaker.photoeditor.layout.photocollage\/files\/draft\/id_1652425867567\/sticker\/mask1.png","path_frame":"\/data\/user\/0\/com.TTT.collagemaker.photoeditor.layout.photocollage\/files\/draft\/id_1652425867567\/sticker\/frame1.png","matrix_crop":"1.175926,0.0,-306.6667,0.0,1.175926,0.0,0.0,0.0,1.0","matrix":"0.15347125,0.034390874,237.71959,-0.029867927,0.17671162,700.72614,0.0,0.0,1.0"},{"lock":false,"type":"frame","path_mask":"\/data\/user\/0\/com.TTT.collagemaker.photoeditor.layout.photocollage\/files\/draft\/id_1652425867567\/sticker\/mask2.png","path_frame":"\/data\/user\/0\/com.TTT.collagemaker.photoeditor.layout.photocollage\/files\/draft\/id_1652425867567\/sticker\/frame2.png","matrix_crop":"1.175926,0.0,-705.7411,0.0,1.175926,-39.940918,0.0,0.0,1.0","matrix":"0.15579598,-0.015150489,371.74033,0.013157964,0.17938837,719.54846,0.0,0.0,1.0"},{"lock":false,"type":"frame","path_mask":"\/data\/user\/0\/com.TTT.collagemaker.photoeditor.layout.photocollage\/files\/draft\/id_1652425867567\/sticker\/mask3.png","path_frame":"\/data\/user\/0\/com.TTT.collagemaker.photoeditor.layout.photocollage\/files\/draft\/id_1652425867567\/sticker\/frame3.png","matrix_crop":"1.175926,0.0,-450.12964,0.0,1.175926,0.0,0.0,0.0,1.0","matrix":"0.1519569,-0.042378604,535.88086,0.036805153,0.17496794,612.0205,0.0,0.0,1.0"},{"lock":false,"type":"frame","path_mask":"\/data\/user\/0\/com.TTT.collagemaker.photoeditor.layout.photocollage\/files\/draft\/id_1652425867567\/sticker\/mask4.png","path_frame":"\/data\/user\/0\/com.TTT.collagemaker.photoeditor.layout.photocollage\/files\/draft\/id_1652425867567\/sticker\/frame4.png","matrix_crop":"1.175926,0.0,-413.088,0.0,1.175926,0.0,0.0,0.0,1.0","matrix":"0.15408058,0.03056594,628.1821,-0.026546033,0.17741321,748.2182,0.0,0.0,1.0"}]}