{"name_project":"1651811048730","create_time":1651811048730,"id":"id_1651811048730","width_screen":1080,"height_screen":1486,"type_collage":3,"path_background":"\/data\/user\/0\/com.TTT.collagemaker.photoeditor.layout.photocollage\/files\/draft\/id_1651811048730\/background.png","matrix_background":"0.82555556,0.0,93.53335,0.0,0.82555556,74.29999,0.0,0.0,1.0","sticker":[{"lock":false,"type":"drawable","path_drawable":"\/data\/user\/0\/com.TTT.collagemaker.photoeditor.layout.photocollage\/files\/draft\/id_1651811048730\/sticker\/drawable0.png","matrix":"0.9929664,0.0,-391.761,0.0,1.4429475,-13.707764,0.0,0.0,1.0","color_fill":0},{"lock":false,"type":"drawable","path_drawable":"\/data\/user\/0\/com.TTT.collagemaker.photoeditor.layout.photocollage\/files\/draft\/id_1651811048730\/sticker\/drawable1.png","matrix":"0.6991516,0.0,-299.89813,0.0,0.6991516,857.7302,0.0,0.0,1.0","color_fill":0},{"lock":false,"type":"drawable","path_drawable":"\/data\/user\/0\/com.TTT.collagemaker.photoeditor.layout.photocollage\/files\/draft\/id_1651811048730\/sticker\/drawable2.png","matrix":"0.6599558,-0.1640192,453.5713,0.1640192,0.6599558,-288.00458,0.0,0.0,1.0","color_fill":0},{"lock":false,"type":"drawable","path_drawable":"\/data\/user\/0\/com.TTT.collagemaker.photoeditor.layout.photocollage\/files\/draft\/id_1651811048730\/sticker\/drawable3.png","matrix":"0.3,0.0,-16.337646,0.0,0.3,23.239685,0.0,0.0,1.0","color_fill":0},{"lock":false,"type":"drawable","path_drawable":"\/data\/user\/0\/com.TTT.collagemaker.photoeditor.layout.photocollage\/files\/draft\/id_1651811048730\/sticker\/drawable4.png","matrix":"0.26607758,0.0,539.3334,0.0,0.26607758,385.6397,0.0,0.0,1.0","color_fill":0},{"lock":false,"type":"text","matrix":"0.6572517,0.068704866,658.64667,-0.068704866,0.6572517,424.1883,0.0,0.0,1.0","content":"Happy\nBirthday\nMaxi","sizePx":60,"fontPosition":0,"fontName":"\/data\/user\/0\/com.TTT.collagemaker.photoeditor.layout.photocollage\/files\/font\/Moonlight Regular.otf","alignment":2,"isLower":true,"isBold":false,"isUnderline":false,"isItalic":false,"spacing":0,"lineHeight":-6.800000190734863,"textOpacity":255,"colorShadow":0,"blurShadow":80,"offsetX":10,"offsetY":5,"shadowPosition":0,"borderPosition":0,"colorBorder":0,"sizeBorder":5,"backgroundOpacity":255,"paddingBackgroundX":0,"paddingBackgroundY":0,"roundBackground":0,"curve":0,"gradientPosition":0,"angleGradientText":0,"palettePosition":0,"colorText":-10922159,"colorPosition":0,"colorBackgroundPosition":0,"colorBackground":0,"gradientBackgroundPosition":0,"angleGradientBackground":90,"colorBorderBackground":0,"colorBorderBackgroundPosition":0,"borderBackgroundOpacity":255,"sizeBorderBackground":3,"isLock":false},{"lock":false,"type":"drawable","path_drawable":"\/data\/user\/0\/com.TTT.collagemaker.photoeditor.layout.photocollage\/files\/draft\/id_1651811048730\/sticker\/drawable6.png","matrix":"0.039072867,0.0,586.7599,0.0,0.039072867,433.3,0.0,0.0,1.0","color_fill":0},{"lock":false,"type":"drawable","path_drawable":"\/data\/user\/0\/com.TTT.collagemaker.photoeditor.layout.photocollage\/files\/draft\/id_1651811048730\/sticker\/drawable7.png","matrix":"0.039072867,0.0,832.6299,0.0,0.039072867,552.07745,0.0,0.0,1.0","color_fill":0},{"lock":false,"type":"drawable","path_drawable":"\/data\/user\/0\/com.TTT.collagemaker.photoeditor.layout.photocollage\/files\/draft\/id_1651811048730\/sticker\/drawable8.png","matrix":"0.015288889,0.0,578.50385,0.0,0.015288889,523.4261,0.0,0.0,1.0","color_fill":0},{"lock":false,"type":"frame","path_bitmap":"\/data\/user\/0\/com.TTT.collagemaker.photoeditor.layout.photocollage\/files\/draft\/id_1651811048730\/sticker\/bitmap9.png","path_mask":"\/data\/user\/0\/com.TTT.collagemaker.photoeditor.layout.photocollage\/files\/draft\/id_1651811048730\/sticker\/mask9.png","path_frame":"\/data\/user\/0\/com.TTT.collagemaker.photoeditor.layout.photocollage\/files\/draft\/id_1651811048730\/sticker\/frame9.png","matrix_crop":"1.050926,0.0,-548.5252,0.0,1.050926,-3.2805176,0.0,0.0,1.0","matrix":"0.24146998,0.026634203,191.06563,-0.022436507,0.28664723,753.26984,0.0,0.0,1.0"},{"lock":false,"type":"frame","path_bitmap":"\/data\/user\/0\/com.TTT.collagemaker.photoeditor.layout.photocollage\/files\/draft\/id_1651811048730\/sticker\/bitmap10.png","path_mask":"\/data\/user\/0\/com.TTT.collagemaker.photoeditor.layout.photocollage\/files\/draft\/id_1651811048730\/sticker\/mask10.png","path_frame":"\/data\/user\/0\/com.TTT.collagemaker.photoeditor.layout.photocollage\/files\/draft\/id_1651811048730\/sticker\/frame10.png","matrix_crop":"1.050926,0.0,-313.35187,0.0,1.050926,0.0,0.0,0.0,1.0","matrix":"0.22826895,-0.001684024,586.09937,0.0014186109,0.2709763,742.77216,0.0,0.0,1.0"},{"lock":false,"type":"frame","path_bitmap":"\/data\/user\/0\/com.TTT.collagemaker.photoeditor.layout.photocollage\/files\/draft\/id_1651811048730\/sticker\/bitmap11.png","path_mask":"\/data\/user\/0\/com.TTT.collagemaker.photoeditor.layout.photocollage\/files\/draft\/id_1651811048730\/sticker\/mask11.png","path_frame":"\/data\/user\/0\/com.TTT.collagemaker.photoeditor.layout.photocollage\/files\/draft\/id_1651811048730\/sticker\/frame11.png","matrix_crop":"1.0,0.0,-170.0,0.0,1.0,0.0,0.0,0.0,1.0","matrix":"0.23736146,0.0,387.5407,0.0,0.23736146,1018.96606,0.0,0.0,1.0"},{"lock":false,"type":"frame","path_bitmap":"\/data\/user\/0\/com.TTT.collagemaker.photoeditor.layout.photocollage\/files\/draft\/id_1651811048730\/sticker\/bitmap12.png","path_mask":"\/data\/user\/0\/com.TTT.collagemaker.photoeditor.layout.photocollage\/files\/draft\/id_1651811048730\/sticker\/mask12.png","path_frame":"\/data\/user\/0\/com.TTT.collagemaker.photoeditor.layout.photocollage\/files\/draft\/id_1651811048730\/sticker\/frame12.png","matrix_crop":"1.0,0.0,-1082.5,0.0,1.0,0.0,0.0,0.0,1.0","matrix":"0.2825188,0.070379674,196.97554,-0.070379674,0.2825188,474.1336,0.0,0.0,1.0"},{"lock":false,"type":"frame","path_bitmap":"\/data\/user\/0\/com.TTT.collagemaker.photoeditor.layout.photocollage\/files\/draft\/id_1651811048730\/sticker\/bitmap13.png","path_mask":"\/data\/user\/0\/com.TTT.collagemaker.photoeditor.layout.photocollage\/files\/draft\/id_1651811048730\/sticker\/mask13.png","path_frame":"\/data\/user\/0\/com.TTT.collagemaker.photoeditor.layout.photocollage\/files\/draft\/id_1651811048730\/sticker\/frame13.png","matrix_crop":"1.5178515,0.0,-1485.0928,0.0,1.5178515,-244.57343,0.0,0.0,1.0","matrix":"0.17329887,-0.04225181,471.48337,0.02276375,0.32166016,635.4954,0.0,0.0,1.0"},{"lock":false,"type":"drawable","path_drawable":"\/data\/user\/0\/com.TTT.collagemaker.photoeditor.layout.photocollage\/files\/draft\/id_1651811048730\/sticker\/drawable14.png","matrix":"0.05334752,0.0,234.7687,0.0,0.05334752,716.0519,0.0,0.0,1.0","color_fill":0},{"lock":false,"type":"drawable","path_drawable":"\/data\/user\/0\/com.TTT.collagemaker.photoeditor.layout.photocollage\/files\/draft\/id_1651811048730\/sticker\/drawable15.png","matrix":"0.053819515,0.0,453.02048,0.0,0.0717457,553.33264,0.0,0.0,1.0","color_fill":0},{"lock":false,"type":"drawable","path_drawable":"\/data\/user\/0\/com.TTT.collagemaker.photoeditor.layout.photocollage\/files\/draft\/id_1651811048730\/sticker\/drawable16.png","matrix":"0.07412969,0.0,792.5998,0.0,0.07412969,773.6672,0.0,0.0,1.0","color_fill":0},{"lock":false,"type":"drawable","path_drawable":"\/data\/user\/0\/com.TTT.collagemaker.photoeditor.layout.photocollage\/files\/draft\/id_1651811048730\/sticker\/drawable17.png","matrix":"0.07483442,0.0,635.45874,0.0,0.07483442,369.75186,0.0,0.0,1.0","color_fill":0},{"lock":false,"type":"drawable","path_drawable":"\/data\/user\/0\/com.TTT.collagemaker.photoeditor.layout.photocollage\/files\/draft\/id_1651811048730\/sticker\/drawable18.png","matrix":"0.35745764,0.0,539.3334,0.0,0.35745764,979.89105,0.0,0.0,1.0","color_fill":0}]}