{"name_project":"1652429157829","create_time":1652429157829,"id":"id_1652429157829","width_screen":1080,"height_screen":1486,"type_collage":3,"path_background":"\/data\/user\/0\/com.TTT.collagemaker.photoeditor.layout.photocollage\/files\/draft\/id_1652429157829\/background.png","matrix_background":"0.9,0.0,54.0,0.0,0.9,354.19998,0.0,0.0,1.0","sticker":[{"lock":false,"type":"frame","path_mask":"\/data\/user\/0\/com.TTT.collagemaker.photoeditor.layout.photocollage\/files\/draft\/id_1652429157829\/sticker\/mask0.png","path_frame":"\/data\/user\/0\/com.TTT.collagemaker.photoeditor.layout.photocollage\/files\/draft\/id_1652429157829\/sticker\/frame0.png","matrix_crop":"1.0,0.0,-274.0,0.0,1.0,0.0,0.0,0.0,1.0","matrix":"0.44163817,0.0,54.0,0.0,0.3523371,354.19998,0.0,0.0,1.0"},{"lock":false,"type":"frame","path_mask":"\/data\/user\/0\/com.TTT.collagemaker.photoeditor.layout.photocollage\/files\/draft\/id_1652429157829\/sticker\/mask1.png","path_frame":"\/data\/user\/0\/com.TTT.collagemaker.photoeditor.layout.photocollage\/files\/draft\/id_1652429157829\/sticker\/frame1.png","matrix_crop":"0.9186889,0.0,-264.35974,0.0,0.9186889,-154.93674,0.0,0.0,1.0","matrix":"0.44163817,0.0,54.0,0.0,0.3523371,751.2759,0.0,0.0,1.0"},{"lock":false,"type":"frame","path_mask":"\/data\/user\/0\/com.TTT.collagemaker.photoeditor.layout.photocollage\/files\/draft\/id_1652429157829\/sticker\/mask2.png","path_frame":"\/data\/user\/0\/com.TTT.collagemaker.photoeditor.layout.photocollage\/files\/draft\/id_1652429157829\/sticker\/frame2.png","matrix_crop":"0.8933671,0.0,-259.4146,0.0,0.8933671,-99.66868,0.0,0.0,1.0","matrix":"0.44163817,0.0,549.0308,0.0,0.3523371,751.2758,0.0,0.0,1.0"},{"lock":false,"type":"frame","path_mask":"\/data\/user\/0\/com.TTT.collagemaker.photoeditor.layout.photocollage\/files\/draft\/id_1652429157829\/sticker\/mask3.png","path_frame":"\/data\/user\/0\/com.TTT.collagemaker.photoeditor.layout.photocollage\/files\/draft\/id_1652429157829\/sticker\/frame3.png","matrix_crop":"0.86359155,0.0,-73.66467,0.0,0.86359155,3.398178,0.0,0.0,1.0","matrix":"0.44163817,0.0,549.03076,0.0,0.3523371,354.19998,0.0,0.0,1.0"},{"lock":false,"type":"drawable","path_drawable":"\/data\/user\/0\/com.TTT.collagemaker.photoeditor.layout.photocollage\/files\/draft\/id_1652429157829\/sticker\/drawable4.png","matrix":"0.45023477,0.0,296.64813,0.0,0.45023477,499.87317,0.0,0.0,1.0","color_fill":0}]}