{"name_project":"1637424296676","create_time":1637424296676,"id":"id_1637424296676","width_screen":1080,"height_screen":1776,"type_collage":3,"path_background":"\/data\/user\/0\/com.TTT.collagemaker.photoeditor.layout.photocollage\/files\/draft\/id_1637424296676\/background.png","matrix_background":"0.9,0.0,54.0,0.0,0.9,337.20004,0.0,0.0,1.0","sticker":[{"lock":false,"type":"drawable","path_drawable":"\/data\/user\/0\/com.TTT.collagemaker.photoeditor.layout.photocollage\/files\/draft\/id_1637424296676\/sticker\/drawable0.png","matrix":"0.512334,0.0,135.0,0.0,0.512334,337.20004,0.0,0.0,1.0","color_fill":0},{"lock":false,"type":"drawable","path_drawable":"\/data\/user\/0\/com.TTT.collagemaker.photoeditor.layout.photocollage\/files\/draft\/id_1637424296676\/sticker\/drawable1.png","matrix":"0.65773445,0.0,54.0,0.0,0.65773445,608.22473,0.0,0.0,1.0","color_fill":0},{"lock":false,"type":"frame","path_bitmap":"\/data\/user\/0\/com.TTT.collagemaker.photoeditor.layout.photocollage\/files\/draft\/id_1637424296676\/sticker\/bitmap2.png","path_mask":"\/data\/user\/0\/com.TTT.collagemaker.photoeditor.layout.photocollage\/files\/draft\/id_1637424296676\/sticker\/mask2.png","path_frame":"\/data\/user\/0\/com.TTT.collagemaker.photoeditor.layout.photocollage\/files\/draft\/id_1637424296676\/sticker\/frame2.png","matrix_crop":"1.2036055,0.0,-109.94696,0.0,1.2036055,0.0,0.0,0.0,1.0","matrix":"0.261417,0.0,311.66968,0.0,0.261417,577.64594,0.0,0.0,1.0"},{"lock":false,"type":"frame","path_bitmap":"\/data\/user\/0\/com.TTT.collagemaker.photoeditor.layout.photocollage\/files\/draft\/id_1637424296676\/sticker\/bitmap3.png","path_mask":"\/data\/user\/0\/com.TTT.collagemaker.photoeditor.layout.photocollage\/files\/draft\/id_1637424296676\/sticker\/mask3.png","path_frame":"\/data\/user\/0\/com.TTT.collagemaker.photoeditor.layout.photocollage\/files\/draft\/id_1637424296676\/sticker\/frame3.png","matrix_crop":"1.5763888,0.0,-311.25,0.0,1.5763888,0.0,0.0,0.0,1.0","matrix":"0.30801907,0.0,612.33905,0.0,0.30801907,418.20004,0.0,0.0,1.0"},{"lock":false,"type":"frame","path_bitmap":"\/data\/user\/0\/com.TTT.collagemaker.photoeditor.layout.photocollage\/files\/draft\/id_1637424296676\/sticker\/bitmap4.png","path_mask":"\/data\/user\/0\/com.TTT.collagemaker.photoeditor.layout.photocollage\/files\/draft\/id_1637424296676\/sticker\/mask4.png","path_frame":"\/data\/user\/0\/com.TTT.collagemaker.photoeditor.layout.photocollage\/files\/draft\/id_1637424296676\/sticker\/frame4.png","matrix_crop":"3.323077,0.0,0.0,0.0,3.323077,-243.33075,0.0,0.0,1.0","matrix":"0.23530954,0.0,540.0,0.0,0.23530954,766.7237,0.0,0.0,1.0"},{"lock":false,"type":"text","matrix":"1.0660106,0.0,246.80234,0.0,0.8081263,408.93475,0.0,0.0,1.0","content":"Merry & Bright","sizePx":60,"fontPosition":0,"fontName":"\/data\/user\/0\/com.TTT.collagemaker.photoeditor.layout.photocollage\/files\/font\/SCRIPTIN-hand writing.ttf","alignment":2,"isLower":true,"isBold":false,"isUnderline":false,"isItalic":false,"spacing":0,"lineHeight":20,"textOpacity":255,"colorShadow":0,"blurShadow":80,"offsetX":10,"offsetY":5,"shadowPosition":0,"borderPosition":0,"colorBorder":0,"sizeBorder":5,"backgroundOpacity":255,"paddingBackgroundX":0,"paddingBackgroundY":0,"roundBackground":0,"curve":0,"gradientPosition":0,"angleGradientText":0,"palettePosition":0,"colorText":-16777216,"colorPosition":0,"colorBackgroundPosition":0,"colorBackground":0,"gradientBackgroundPosition":0,"angleGradientBackground":90,"colorBorderBackground":0,"colorBorderBackgroundPosition":0,"borderBackgroundOpacity":255,"sizeBorderBackground":3,"isLock":false}]}