{"name_project":"1651731013362","create_time":1651731013362,"id":"id_1651731013362","width_screen":1080,"height_screen":1486,"type_collage":3,"path_background":"\/data\/user\/0\/com.TTT.collagemaker.photoeditor.layout.photocollage\/files\/draft\/id_1651731013362\/background.png","matrix_background":"0.82555556,0.0,93.53335,0.0,0.82555556,74.29999,0.0,0.0,1.0","sticker":[{"lock":false,"type":"drawable","path_drawable":"\/data\/user\/0\/com.TTT.collagemaker.photoeditor.layout.photocollage\/files\/draft\/id_1651731013362\/sticker\/drawable0.png","matrix":"0.82618946,0.0,93.53335,0.0,0.82618946,74.29999,0.0,0.0,1.0","color_fill":0},{"lock":false,"type":"frame","path_bitmap":"\/data\/user\/0\/com.TTT.collagemaker.photoeditor.layout.photocollage\/files\/draft\/id_1651731013362\/sticker\/bitmap1.png","path_mask":"\/data\/user\/0\/com.TTT.collagemaker.photoeditor.layout.photocollage\/files\/draft\/id_1651731013362\/sticker\/mask1.png","path_frame":"\/data\/user\/0\/com.TTT.collagemaker.photoeditor.layout.photocollage\/files\/draft\/id_1651731013362\/sticker\/frame1.png","matrix_crop":"1.0809524,0.0,-27.5,0.0,1.0809524,0.0,0.0,0.0,1.0","matrix":"0.24267061,0.043783963,190.42836,-0.0342181,0.31051058,307.9587,0.0,0.0,1.0"},{"lock":false,"type":"frame","path_bitmap":"\/data\/user\/0\/com.TTT.collagemaker.photoeditor.layout.photocollage\/files\/draft\/id_1651731013362\/sticker\/bitmap2.png","path_mask":"\/data\/user\/0\/com.TTT.collagemaker.photoeditor.layout.photocollage\/files\/draft\/id_1651731013362\/sticker\/mask2.png","path_frame":"\/data\/user\/0\/com.TTT.collagemaker.photoeditor.layout.photocollage\/files\/draft\/id_1651731013362\/sticker\/frame2.png","matrix_crop":"1.0809524,0.0,-27.5,0.0,1.0809524,0.0,0.0,0.0,1.0","matrix":"0.3027093,0.0,539.3334,0.0,0.21358094,271.00317,0.0,0.0,1.0"},{"lock":false,"type":"frame","path_bitmap":"\/data\/user\/0\/com.TTT.collagemaker.photoeditor.layout.photocollage\/files\/draft\/id_1651731013362\/sticker\/bitmap3.png","path_mask":"\/data\/user\/0\/com.TTT.collagemaker.photoeditor.layout.photocollage\/files\/draft\/id_1651731013362\/sticker\/mask3.png","path_frame":"\/data\/user\/0\/com.TTT.collagemaker.photoeditor.layout.photocollage\/files\/draft\/id_1651731013362\/sticker\/frame3.png","matrix_crop":"1.0809524,0.0,-27.5,0.0,1.0809524,0.0,0.0,0.0,1.0","matrix":"0.29428047,0.038498405,177.8148,-0.034104005,0.33219934,697.2205,0.0,0.0,1.0"},{"lock":false,"type":"frame","path_bitmap":"\/data\/user\/0\/com.TTT.collagemaker.photoeditor.layout.photocollage\/files\/draft\/id_1651731013362\/sticker\/bitmap4.png","path_mask":"\/data\/user\/0\/com.TTT.collagemaker.photoeditor.layout.photocollage\/files\/draft\/id_1651731013362\/sticker\/mask4.png","path_frame":"\/data\/user\/0\/com.TTT.collagemaker.photoeditor.layout.photocollage\/files\/draft\/id_1651731013362\/sticker\/frame4.png","matrix_crop":"1.0809524,0.0,-27.5,0.0,1.0809524,0.0,0.0,0.0,1.0","matrix":"0.231014,0.0,582.568,0.0,0.32488522,590.96136,0.0,0.0,1.0"},{"lock":false,"type":"frame","path_bitmap":"\/data\/user\/0\/com.TTT.collagemaker.photoeditor.layout.photocollage\/files\/draft\/id_1651731013362\/sticker\/bitmap5.png","path_mask":"\/data\/user\/0\/com.TTT.collagemaker.photoeditor.layout.photocollage\/files\/draft\/id_1651731013362\/sticker\/mask5.png","path_frame":"\/data\/user\/0\/com.TTT.collagemaker.photoeditor.layout.photocollage\/files\/draft\/id_1651731013362\/sticker\/frame5.png","matrix_crop":"1.0809524,0.0,-27.5,0.0,1.0809524,0.0,0.0,0.0,1.0","matrix":"0.30812594,0.0,582.568,0.0,0.22590153,1103.1643,0.0,0.0,1.0"},{"lock":false,"type":"drawable","path_drawable":"\/data\/user\/0\/com.TTT.collagemaker.photoeditor.layout.photocollage\/files\/draft\/id_1651731013362\/sticker\/drawable6.png","matrix":"-0.0052331523,0.03396361,272.48422,-0.03874054,-0.0045878734,327.28558,0.0,0.0,1.0","color_fill":0},{"lock":false,"type":"drawable","path_drawable":"\/data\/user\/0\/com.TTT.collagemaker.photoeditor.layout.photocollage\/files\/draft\/id_1651731013362\/sticker\/drawable7.png","matrix":"9.7693934E-5,0.03427197,640.96234,-0.039092273,8.564876E-5,291.97818,0.0,0.0,1.0","color_fill":0},{"lock":false,"type":"drawable","path_drawable":"\/data\/user\/0\/com.TTT.collagemaker.photoeditor.layout.photocollage\/files\/draft\/id_1651731013362\/sticker\/drawable8.png","matrix":"9.7693934E-5,0.03427197,653.3187,-0.039092273,8.564876E-5,611.9364,0.0,0.0,1.0","color_fill":0},{"lock":false,"type":"drawable","path_drawable":"\/data\/user\/0\/com.TTT.collagemaker.photoeditor.layout.photocollage\/files\/draft\/id_1651731013362\/sticker\/drawable9.png","matrix":"-0.021314062,0.02872998,156.71696,-0.03277081,-0.018685915,743.0,0.0,0.0,1.0","color_fill":0},{"lock":false,"type":"drawable","path_drawable":"\/data\/user\/0\/com.TTT.collagemaker.photoeditor.layout.photocollage\/files\/draft\/id_1651731013362\/sticker\/drawable10.png","matrix":"9.7693934E-5,0.03427197,748.956,-0.039092273,8.564876E-5,1124.1393,0.0,0.0,1.0","color_fill":0},{"lock":false,"type":"text","matrix":"1.0325048,0.0,171.7396,0.0,1.0325048,165.74359,0.0,0.0,1.0","content":"Fashion  Fun Colour","sizePx":60,"fontPosition":0,"fontName":"\/data\/user\/0\/com.TTT.collagemaker.photoeditor.layout.photocollage\/files\/font\/stadium-art-deco.ttf","alignment":2,"isLower":true,"isBold":false,"isUnderline":false,"isItalic":false,"spacing":0,"lineHeight":20,"textOpacity":255,"colorShadow":0,"blurShadow":80,"offsetX":10,"offsetY":5,"shadowPosition":0,"borderPosition":0,"colorBorder":0,"sizeBorder":5,"backgroundOpacity":255,"paddingBackgroundX":0,"paddingBackgroundY":0,"roundBackground":0,"curve":0,"gradientPosition":0,"angleGradientText":0,"palettePosition":0,"colorText":-14861736,"colorPosition":0,"colorBackgroundPosition":0,"colorBackground":0,"gradientBackgroundPosition":0,"angleGradientBackground":90,"colorBorderBackground":0,"colorBorderBackgroundPosition":0,"borderBackgroundOpacity":255,"sizeBorderBackground":3,"isLock":false}]}