{"name_project":"1636692960326","create_time":1636692960326,"id":"id_1636692960326","width_screen":1080,"height_screen":1776,"type_collage":3,"path_background":"\/data\/user\/0\/com.TTT.collagemaker.photoeditor.layout.photocollage\/files\/draft\/id_1636692960326\/background.png","matrix_background":"0.9,0.0,54.0,0.0,0.9,337.20004,0.0,0.0,1.0","sticker":[{"lock":false,"type":"drawable","path_drawable":"\/data\/user\/0\/com.TTT.collagemaker.photoeditor.layout.photocollage\/files\/draft\/id_1636692960326\/sticker\/drawable0.png","matrix":"0.47842598,0.0,160.01587,0.0,0.47842598,400.1905,0.0,0.0,1.0","color_fill":0},{"lock":false,"type":"frame","path_bitmap":"\/data\/user\/0\/com.TTT.collagemaker.photoeditor.layout.photocollage\/files\/draft\/id_1636692960326\/sticker\/bitmap1.png","path_mask":"\/data\/user\/0\/com.TTT.collagemaker.photoeditor.layout.photocollage\/files\/draft\/id_1636692960326\/sticker\/mask1.png","path_frame":"\/data\/user\/0\/com.TTT.collagemaker.photoeditor.layout.photocollage\/files\/draft\/id_1636692960326\/sticker\/frame1.png","matrix_crop":"2.269505,0.0,-706.1791,0.0,2.269505,-394.0033,0.0,0.0,1.0","matrix":"0.27117848,0.0,247.12727,0.0,0.27117848,482.36026,0.0,0.0,1.0"},{"lock":false,"type":"frame","path_bitmap":"\/data\/user\/0\/com.TTT.collagemaker.photoeditor.layout.photocollage\/files\/draft\/id_1636692960326\/sticker\/bitmap2.png","path_mask":"\/data\/user\/0\/com.TTT.collagemaker.photoeditor.layout.photocollage\/files\/draft\/id_1636692960326\/sticker\/mask2.png","path_frame":"\/data\/user\/0\/com.TTT.collagemaker.photoeditor.layout.photocollage\/files\/draft\/id_1636692960326\/sticker\/frame2.png","matrix_crop":"1.5,0.0,-270.0,0.0,1.5,0.0,0.0,0.0,1.0","matrix":"0.25626943,0.0,569.9883,0.0,0.25626943,400.1905,0.0,0.0,1.0"},{"lock":false,"type":"frame","path_bitmap":"\/data\/user\/0\/com.TTT.collagemaker.photoeditor.layout.photocollage\/files\/draft\/id_1636692960326\/sticker\/bitmap3.png","path_mask":"\/data\/user\/0\/com.TTT.collagemaker.photoeditor.layout.photocollage\/files\/draft\/id_1636692960326\/sticker\/mask3.png","path_frame":"\/data\/user\/0\/com.TTT.collagemaker.photoeditor.layout.photocollage\/files\/draft\/id_1636692960326\/sticker\/frame3.png","matrix_crop":"1.5,0.0,-270.0,0.0,1.5,0.0,0.0,0.0,1.0","matrix":"0.34760174,0.0,494.83356,0.0,0.24977878,702.68164,0.0,0.0,1.0"},{"lock":false,"type":"drawable","path_drawable":"\/data\/user\/0\/com.TTT.collagemaker.photoeditor.layout.photocollage\/files\/draft\/id_1636692960326\/sticker\/drawable4.png","matrix":"0.049573302,0.0,890.195,0.0,0.049573302,542.8804,0.0,0.0,1.0","color_fill":-9998245},{"lock":false,"type":"drawable","path_drawable":"\/data\/user\/0\/com.TTT.collagemaker.photoeditor.layout.photocollage\/files\/draft\/id_1636692960326\/sticker\/drawable5.png","matrix":"0.58449864,0.0,846.7593,0.0,0.58449864,583.77295,0.0,0.0,1.0","color_fill":0},{"lock":false,"type":"drawable","path_drawable":"\/data\/user\/0\/com.TTT.collagemaker.photoeditor.layout.photocollage\/files\/draft\/id_1636692960326\/sticker\/drawable6.png","matrix":"0.21502395,0.0,846.7593,0.0,0.21502395,813.4795,0.0,0.0,1.0","color_fill":0},{"lock":false,"type":"drawable","path_drawable":"\/data\/user\/0\/com.TTT.collagemaker.photoeditor.layout.photocollage\/files\/draft\/id_1636692960326\/sticker\/drawable7.png","matrix":"0.20764959,0.061275017,540.0,-0.061275017,0.20764959,403.80273,0.0,0.0,1.0","color_fill":0},{"lock":false,"type":"drawable","path_drawable":"\/data\/user\/0\/com.TTT.collagemaker.photoeditor.layout.photocollage\/files\/draft\/id_1636692960326\/sticker\/drawable8.png","matrix":"0.049573302,0.0,890.195,0.0,0.049573302,400.1905,0.0,0.0,1.0","color_fill":-4684956},{"lock":false,"type":"drawable","path_drawable":"\/data\/user\/0\/com.TTT.collagemaker.photoeditor.layout.photocollage\/files\/draft\/id_1636692960326\/sticker\/drawable9.png","matrix":"0.049573302,0.0,890.195,0.0,0.049573302,471.975,0.0,0.0,1.0","color_fill":-2051430},{"lock":false,"type":"text","matrix":"1.4869378,0.0,247.1804,0.0,1.4745508,818.4728,0.0,0.0,1.0","content":"Sun Rising","sizePx":60,"fontPosition":0,"fontName":"\/data\/user\/0\/com.TTT.collagemaker.photoeditor.layout.photocollage\/files\/font\/Brittany Angella-signature.ttf","alignment":2,"isLower":true,"isBold":false,"isUnderline":false,"isItalic":false,"spacing":0,"lineHeight":20,"textOpacity":255,"colorShadow":0,"blurShadow":80,"offsetX":10,"offsetY":5,"shadowPosition":0,"borderPosition":0,"colorBorder":0,"sizeBorder":5,"backgroundOpacity":255,"paddingBackgroundX":0,"paddingBackgroundY":0,"roundBackground":0,"curve":0,"gradientPosition":0,"angleGradientText":0,"palettePosition":0,"colorText":-9538975,"colorPosition":0,"colorBackgroundPosition":0,"colorBackground":0,"gradientBackgroundPosition":0,"angleGradientBackground":90,"colorBorderBackground":0,"colorBorderBackgroundPosition":0,"borderBackgroundOpacity":255,"sizeBorderBackground":3,"isLock":false},{"lock":false,"type":"text","matrix":"0.28794226,0.0,253.78897,0.0,0.28794226,924.8592,0.0,0.0,1.0","content":"easy mornings, soft sheets, the \nsmell of coffee wafting","sizePx":60,"fontPosition":0,"fontName":"\/data\/user\/0\/com.TTT.collagemaker.photoeditor.layout.photocollage\/files\/font\/AbhayaLibre-Regular-latin.ttf","alignment":1,"isLower":true,"isBold":false,"isUnderline":false,"isItalic":false,"spacing":0,"lineHeight":20,"textOpacity":255,"colorShadow":0,"blurShadow":80,"offsetX":10,"offsetY":5,"shadowPosition":0,"borderPosition":0,"colorBorder":0,"sizeBorder":5,"backgroundOpacity":255,"paddingBackgroundX":0,"paddingBackgroundY":0,"roundBackground":0,"curve":0,"gradientPosition":0,"angleGradientText":0,"palettePosition":0,"colorText":-16777216,"colorPosition":0,"colorBackgroundPosition":0,"colorBackground":0,"gradientBackgroundPosition":0,"angleGradientBackground":90,"colorBorderBackground":0,"colorBorderBackgroundPosition":0,"borderBackgroundOpacity":255,"sizeBorderBackground":3,"isLock":false}]}