{"name_project":"1651654211867","create_time":1651654211867,"id":"id_1651654211867","width_screen":1080,"height_screen":1486,"type_collage":3,"path_background":"\/data\/user\/0\/com.TTT.collagemaker.photoeditor.layout.photocollage\/files\/draft\/id_1651654211867\/background.png","matrix_background":"0.9,0.0,54.0,0.0,0.9,354.19998,0.0,0.0,1.0","sticker":[{"lock":true,"type":"drawable","path_drawable":"\/data\/user\/0\/com.TTT.collagemaker.photoeditor.layout.photocollage\/files\/draft\/id_1651654211867\/sticker\/drawable0.png","matrix":"0.72148573,0.0,54.0,0.0,0.72148573,354.19998,0.0,0.0,1.0","color_fill":0},{"lock":false,"type":"frame","path_bitmap":"\/data\/user\/0\/com.TTT.collagemaker.photoeditor.layout.photocollage\/files\/draft\/id_1651654211867\/sticker\/bitmap1.png","path_mask":"\/data\/user\/0\/com.TTT.collagemaker.photoeditor.layout.photocollage\/files\/draft\/id_1651654211867\/sticker\/mask1.png","path_frame":"\/data\/user\/0\/com.TTT.collagemaker.photoeditor.layout.photocollage\/files\/draft\/id_1651654211867\/sticker\/frame1.png","matrix_crop":"1.0285715,0.0,0.0,0.0,1.0285715,0.0,0.0,0.0,1.0","matrix":"0.39765927,0.0,79.991455,0.0,0.4379521,378.95703,0.0,0.0,1.0"},{"lock":false,"type":"frame","path_bitmap":"\/data\/user\/0\/com.TTT.collagemaker.photoeditor.layout.photocollage\/files\/draft\/id_1651654211867\/sticker\/bitmap2.png","path_mask":"\/data\/user\/0\/com.TTT.collagemaker.photoeditor.layout.photocollage\/files\/draft\/id_1651654211867\/sticker\/mask2.png","path_frame":"\/data\/user\/0\/com.TTT.collagemaker.photoeditor.layout.photocollage\/files\/draft\/id_1651654211867\/sticker\/frame2.png","matrix_crop":"1.0285715,0.0,0.0,0.0,1.0285715,0.0,0.0,0.0,1.0","matrix":"0.39904782,0.0,79.991455,0.0,0.22251505,870.61346,0.0,0.0,1.0"},{"lock":false,"type":"frame","path_bitmap":"\/data\/user\/0\/com.TTT.collagemaker.photoeditor.layout.photocollage\/files\/draft\/id_1651654211867\/sticker\/bitmap3.png","path_mask":"\/data\/user\/0\/com.TTT.collagemaker.photoeditor.layout.photocollage\/files\/draft\/id_1651654211867\/sticker\/mask3.png","path_frame":"\/data\/user\/0\/com.TTT.collagemaker.photoeditor.layout.photocollage\/files\/draft\/id_1651654211867\/sticker\/frame3.png","matrix_crop":"1.0285715,0.0,0.0,0.0,1.0285715,0.0,0.0,0.0,1.0","matrix":"0.43560493,0.0,528.214,0.0,0.25913593,572.0785,0.0,0.0,1.0"},{"lock":false,"type":"frame","path_bitmap":"\/data\/user\/0\/com.TTT.collagemaker.photoeditor.layout.photocollage\/files\/draft\/id_1651654211867\/sticker\/bitmap4.png","path_mask":"\/data\/user\/0\/com.TTT.collagemaker.photoeditor.layout.photocollage\/files\/draft\/id_1651654211867\/sticker\/mask4.png","path_frame":"\/data\/user\/0\/com.TTT.collagemaker.photoeditor.layout.photocollage\/files\/draft\/id_1651654211867\/sticker\/frame4.png","matrix_crop":"1.0285715,0.0,0.0,0.0,1.0285715,0.0,0.0,0.0,1.0","matrix":"0.25968245,0.0,528.214,0.0,0.21777166,870.61346,0.0,0.0,1.0"},{"lock":false,"type":"frame","path_bitmap":"\/data\/user\/0\/com.TTT.collagemaker.photoeditor.layout.photocollage\/files\/draft\/id_1651654211867\/sticker\/bitmap5.png","path_mask":"\/data\/user\/0\/com.TTT.collagemaker.photoeditor.layout.photocollage\/files\/draft\/id_1651654211867\/sticker\/mask5.png","path_frame":"\/data\/user\/0\/com.TTT.collagemaker.photoeditor.layout.photocollage\/files\/draft\/id_1651654211867\/sticker\/frame5.png","matrix_crop":"1.0285715,0.0,0.0,0.0,1.0285715,0.0,0.0,0.0,1.0","matrix":"0.15932266,0.0,826.5989,0.0,0.21624492,870.61346,0.0,0.0,1.0"}]}