{"name_project":"1636306138216","create_time":1636306138216,"id":"id_1636306138216","width_screen":1080,"height_screen":2131,"type_collage":6,"path_background":"\/data\/user\/0\/com.TTT.collagemaker.photoeditor.layout.photocollage\/files\/draft\/id_1636306138216\/background.png","matrix_background":"0.80999994,0.0,102.6,0.0,0.80999994,583.4,0.0,0.0,1.0","sticker":[{"type":"drawable","path_drawable":"\/data\/user\/0\/com.TTT.collagemaker.photoeditor.layout.photocollage\/files\/draft\/id_1636306138216\/sticker\/drawable0.png","matrix":"0.2803568,0.0,143.33228,0.0,0.11392913,619.85004,0.0,0.0,1.0","color_fill":-5282237},{"type":"frame","path_bitmap":"\/data\/user\/0\/com.TTT.collagemaker.photoeditor.layout.photocollage\/files\/draft\/id_1636306138216\/sticker\/bitmap1.png","path_mask":"\/data\/user\/0\/com.TTT.collagemaker.photoeditor.layout.photocollage\/files\/draft\/id_1636306138216\/sticker\/mask1.png","path_frame":"\/data\/user\/0\/com.TTT.collagemaker.photoeditor.layout.photocollage\/files\/draft\/id_1636306138216\/sticker\/frame1.png","matrix_crop":"1.5,0.0,-270.0,0.0,1.5,0.0,0.0,0.0,1.0","matrix":"0.27909812,0.0,143.33228,0.0,0.20862767,751.4253,0.0,0.0,1.0"},{"type":"frame","path_bitmap":"\/data\/user\/0\/com.TTT.collagemaker.photoeditor.layout.photocollage\/files\/draft\/id_1636306138216\/sticker\/bitmap2.png","path_mask":"\/data\/user\/0\/com.TTT.collagemaker.photoeditor.layout.photocollage\/files\/draft\/id_1636306138216\/sticker\/mask2.png","path_frame":"\/data\/user\/0\/com.TTT.collagemaker.photoeditor.layout.photocollage\/files\/draft\/id_1636306138216\/sticker\/frame2.png","matrix_crop":"1.4136126,0.0,0.0,0.0,1.4136126,-223.35083,0.0,0.0,1.0","matrix":"0.2791133,0.0,143.33228,0.0,0.20633002,984.8297,0.0,0.0,1.0"},{"type":"frame","path_bitmap":"\/data\/user\/0\/com.TTT.collagemaker.photoeditor.layout.photocollage\/files\/draft\/id_1636306138216\/sticker\/bitmap3.png","path_mask":"\/data\/user\/0\/com.TTT.collagemaker.photoeditor.layout.photocollage\/files\/draft\/id_1636306138216\/sticker\/mask3.png","path_frame":"\/data\/user\/0\/com.TTT.collagemaker.photoeditor.layout.photocollage\/files\/draft\/id_1636306138216\/sticker\/frame3.png","matrix_crop":"1.1799998,0.0,-168.15295,0.0,1.1799998,-535.7659,0.0,0.0,1.0","matrix":"0.45,0.0,454.75638,0.0,0.22330867,619.85004,0.0,0.0,1.0"},{"type":"frame","path_bitmap":"\/data\/user\/0\/com.TTT.collagemaker.photoeditor.layout.photocollage\/files\/draft\/id_1636306138216\/sticker\/bitmap4.png","path_mask":"\/data\/user\/0\/com.TTT.collagemaker.photoeditor.layout.photocollage\/files\/draft\/id_1636306138216\/sticker\/mask4.png","path_frame":"\/data\/user\/0\/com.TTT.collagemaker.photoeditor.layout.photocollage\/files\/draft\/id_1636306138216\/sticker\/frame4.png","matrix_crop":"1.6670325,0.0,-352.75827,0.0,1.6670325,-82.391106,0.0,0.0,1.0","matrix":"0.19422156,0.0,454.75638,0.0,0.31328624,871.3231,0.0,0.0,1.0"},{"type":"frame","path_bitmap":"\/data\/user\/0\/com.TTT.collagemaker.photoeditor.layout.photocollage\/files\/draft\/id_1636306138216\/sticker\/bitmap5.png","path_mask":"\/data\/user\/0\/com.TTT.collagemaker.photoeditor.layout.photocollage\/files\/draft\/id_1636306138216\/sticker\/mask5.png","path_frame":"\/data\/user\/0\/com.TTT.collagemaker.photoeditor.layout.photocollage\/files\/draft\/id_1636306138216\/sticker\/frame5.png","matrix_crop":"1.5406562,0.0,-291.95435,0.0,1.5406562,0.0,0.0,0.0,1.0","matrix":"0.2453408,0.0,675.7886,0.0,0.21714474,870.913,0.0,0.0,1.0"},{"type":"drawable","path_drawable":"\/data\/user\/0\/com.TTT.collagemaker.photoeditor.layout.photocollage\/files\/draft\/id_1636306138216\/sticker\/drawable6.png","matrix":"0.0874978,-1.2163129E-10,675.7935,1.2163129E-10,0.0874978,1116.9244,0.0,0.0,1.0","color_fill":-9091280},{"type":"drawable","path_drawable":"\/data\/user\/0\/com.TTT.collagemaker.photoeditor.layout.photocollage\/files\/draft\/id_1636306138216\/sticker\/drawable7.png","matrix":"0.05037761,-7.003023E-11,885.7564,1.2163129E-10,0.0874978,1116.9242,0.0,0.0,1.0","color_fill":-2240574},{"type":"drawable","path_drawable":"\/data\/user\/0\/com.TTT.collagemaker.photoeditor.layout.photocollage\/files\/draft\/id_1636306138216\/sticker\/drawable8.png","matrix":"0.08750252,-1.2163787E-10,779.6651,1.2163787E-10,0.08750252,1116.95,0.0,0.0,1.0","color_fill":-4019052},{"type":"text","matrix":"1.3532162,0.0,171.51443,0.0,1.8711766,678.4762,0.0,0.0,1.0","content":"warm","sizePx":60,"fontPosition":0,"fontName":"\/data\/user\/0\/com.TTT.collagemaker.photoeditor.layout.photocollage\/files\/font\/Brittany Angella-signature.ttf","alignment":2,"isLower":true,"isBold":false,"isUnderline":false,"isItalic":false,"spacing":0,"lineHeight":20,"textOpacity":255,"colorShadow":0,"blurShadow":80,"offsetX":10,"offsetY":5,"shadowPosition":0,"borderPosition":0,"colorBorder":0,"sizeBorder":5,"backgroundOpacity":255,"paddingBackgroundX":0,"paddingBackgroundY":0,"roundBackground":0,"curve":0,"gradientPosition":0,"angleGradientText":0,"palettePosition":0,"colorText":-1,"colorPosition":1,"colorBackgroundPosition":0,"colorBackground":0,"gradientBackgroundPosition":0,"angleGradientBackground":90,"colorBorderBackground":0,"colorBorderBackgroundPosition":0,"borderBackgroundOpacity":255,"sizeBorderBackground":3,"isLock":false},{"type":"text","matrix":"0.54010713,1.3741587E-4,256.7114,1.3741909E-4,0.5493265,668.74963,0.0,0.0,1.0","content":"NEUTRAL","sizePx":60,"fontPosition":0,"fontName":"\/data\/user\/0\/com.TTT.collagemaker.photoeditor.layout.photocollage\/files\/font\/Cardo-Regular.ttf","alignment":2,"isLower":true,"isBold":false,"isUnderline":false,"isItalic":false,"spacing":0,"lineHeight":20,"textOpacity":255,"colorShadow":0,"blurShadow":80,"offsetX":10,"offsetY":5,"shadowPosition":0,"borderPosition":0,"colorBorder":0,"sizeBorder":5,"backgroundOpacity":255,"paddingBackgroundX":0,"paddingBackgroundY":0,"roundBackground":0,"curve":0,"gradientPosition":0,"angleGradientText":0,"palettePosition":0,"colorText":-1,"colorPosition":1,"colorBackgroundPosition":0,"colorBackground":0,"gradientBackgroundPosition":0,"angleGradientBackground":90,"colorBorderBackground":0,"colorBorderBackgroundPosition":0,"borderBackgroundOpacity":255,"sizeBorderBackground":3,"isLock":false}]}