{"name_project":"1652429244336","create_time":1652429244336,"id":"id_1652429244336","width_screen":1080,"height_screen":1486,"type_collage":3,"path_background":"\/data\/user\/0\/com.TTT.collagemaker.photoeditor.layout.photocollage\/files\/draft\/id_1652429244336\/background.png","matrix_background":"0.9,0.0,54.0,0.0,0.9,354.19998,0.0,0.0,1.0","sticker":[{"lock":false,"type":"drawable","path_drawable":"\/data\/user\/0\/com.TTT.collagemaker.photoeditor.layout.photocollage\/files\/draft\/id_1652429244336\/sticker\/drawable0.png","matrix":"0.7188477,0.0,54.0,0.0,0.7188477,354.19998,0.0,0.0,1.0","color_fill":0},{"lock":false,"type":"frame","path_mask":"\/data\/user\/0\/com.TTT.collagemaker.photoeditor.layout.photocollage\/files\/draft\/id_1652429244336\/sticker\/mask1.png","path_frame":"\/data\/user\/0\/com.TTT.collagemaker.photoeditor.layout.photocollage\/files\/draft\/id_1652429244336\/sticker\/frame1.png","matrix_crop":"1.2095238,0.0,-95.0,0.0,1.2095238,0.0,0.0,0.0,1.0","matrix":"0.29040736,-0.06698245,226.36005,0.06698245,0.29040736,423.17505,0.0,0.0,1.0"},{"lock":false,"type":"frame","path_mask":"\/data\/user\/0\/com.TTT.collagemaker.photoeditor.layout.photocollage\/files\/draft\/id_1652429244336\/sticker\/mask2.png","path_frame":"\/data\/user\/0\/com.TTT.collagemaker.photoeditor.layout.photocollage\/files\/draft\/id_1652429244336\/sticker\/frame2.png","matrix_crop":"1.2095238,0.0,-95.0,0.0,1.2095238,0.0,0.0,0.0,1.0","matrix":"0.29611024,0.033790544,540.0,-0.033790544,0.29611024,473.97116,0.0,0.0,1.0"},{"lock":false,"type":"frame","path_mask":"\/data\/user\/0\/com.TTT.collagemaker.photoeditor.layout.photocollage\/files\/draft\/id_1652429244336\/sticker\/mask3.png","path_frame":"\/data\/user\/0\/com.TTT.collagemaker.photoeditor.layout.photocollage\/files\/draft\/id_1652429244336\/sticker\/frame3.png","matrix_crop":"1.2095238,0.0,-95.0,0.0,1.2095238,0.0,0.0,0.0,1.0","matrix":"0.298032,8.278356E-10,379.06274,-8.278356E-10,0.298032,675.0831,0.0,0.0,1.0"}]}