{"name_project":"1652429394175","create_time":1652429394175,"id":"id_1652429394175","width_screen":1080,"height_screen":1486,"type_collage":3,"path_background":"\/data\/user\/0\/com.TTT.collagemaker.photoeditor.layout.photocollage\/files\/draft\/id_1652429394175\/background.png","matrix_background":"0.82555556,0.0,93.53335,0.0,0.82555556,74.29999,0.0,0.0,1.0","sticker":[{"lock":false,"type":"drawable","path_drawable":"\/data\/user\/0\/com.TTT.collagemaker.photoeditor.layout.photocollage\/files\/draft\/id_1652429394175\/sticker\/drawable0.png","matrix":"0.8249129,0.0,93.53335,0.0,0.8249129,74.29999,0.0,0.0,1.0","color_fill":0},{"lock":false,"type":"frame","path_mask":"\/data\/user\/0\/com.TTT.collagemaker.photoeditor.layout.photocollage\/files\/draft\/id_1652429394175\/sticker\/mask1.png","path_frame":"\/data\/user\/0\/com.TTT.collagemaker.photoeditor.layout.photocollage\/files\/draft\/id_1652429394175\/sticker\/frame1.png","matrix_crop":"1.0,0.0,-171.0,0.0,1.0,0.0,0.0,0.0,1.0","matrix":"0.4174072,0.063467875,93.53335,-0.063467875,0.4174072,334.3059,0.0,0.0,1.0"},{"lock":false,"type":"frame","path_mask":"\/data\/user\/0\/com.TTT.collagemaker.photoeditor.layout.photocollage\/files\/draft\/id_1652429394175\/sticker\/mask2.png","path_frame":"\/data\/user\/0\/com.TTT.collagemaker.photoeditor.layout.photocollage\/files\/draft\/id_1652429394175\/sticker\/frame2.png","matrix_crop":"1.5472223,0.0,-714.0237,0.0,1.5472223,0.0,0.0,0.0,1.0","matrix":"0.28227407,0.0,680.2772,0.0,0.28227407,371.81854,0.0,0.0,1.0"},{"lock":false,"type":"frame","path_mask":"\/data\/user\/0\/com.TTT.collagemaker.photoeditor.layout.photocollage\/files\/draft\/id_1652429394175\/sticker\/mask3.png","path_frame":"\/data\/user\/0\/com.TTT.collagemaker.photoeditor.layout.photocollage\/files\/draft\/id_1652429394175\/sticker\/frame3.png","matrix_crop":"1.0,0.0,-171.0,0.0,1.0,0.0,0.0,0.0,1.0","matrix":"0.42220485,0.0,269.33337,0.0,0.42220485,615.50793,0.0,0.0,1.0"},{"lock":false,"type":"frame","path_mask":"\/data\/user\/0\/com.TTT.collagemaker.photoeditor.layout.photocollage\/files\/draft\/id_1652429394175\/sticker\/mask4.png","path_frame":"\/data\/user\/0\/com.TTT.collagemaker.photoeditor.layout.photocollage\/files\/draft\/id_1652429394175\/sticker\/frame4.png","matrix_crop":"1.0,0.0,-166.0,0.0,1.0,0.0,0.0,0.0,1.0","matrix":"0.4113166,0.095265895,-45.147156,-0.095265895,0.4113166,1071.1538,0.0,0.0,1.0"}]}