{"name_project":"1652242120759","create_time":1652242120759,"id":"id_1652242120759","width_screen":1080,"height_screen":1486,"type_collage":3,"path_background":"\/data\/user\/0\/com.TTT.collagemaker.photoeditor.layout.photocollage\/files\/draft\/id_1652242120759\/background.png","matrix_background":"0.9,0.0,54.0,0.0,0.9,354.19998,0.0,0.0,1.0","sticker":[{"lock":false,"type":"drawable","path_drawable":"\/data\/user\/0\/com.TTT.collagemaker.photoeditor.layout.photocollage\/files\/draft\/id_1652242120759\/sticker\/drawable0.png","matrix":"0.72373366,0.0,54.0,0.0,0.72373366,354.19998,0.0,0.0,1.0","color_fill":0},{"lock":false,"type":"frame","path_mask":"\/data\/user\/0\/com.TTT.collagemaker.photoeditor.layout.photocollage\/files\/draft\/id_1652242120759\/sticker\/mask1.png","path_frame":"\/data\/user\/0\/com.TTT.collagemaker.photoeditor.layout.photocollage\/files\/draft\/id_1652242120759\/sticker\/frame1.png","matrix_crop":"1.0285715,0.0,0.0,0.0,1.0285715,0.0,0.0,0.0,1.0","matrix":"0.41732344,0.0,142.04282,0.0,0.26960284,448.05627,0.0,0.0,1.0"},{"lock":false,"type":"frame","path_mask":"\/data\/user\/0\/com.TTT.collagemaker.photoeditor.layout.photocollage\/files\/draft\/id_1652242120759\/sticker\/mask2.png","path_frame":"\/data\/user\/0\/com.TTT.collagemaker.photoeditor.layout.photocollage\/files\/draft\/id_1652242120759\/sticker\/frame2.png","matrix_crop":"1.0285715,0.0,0.0,0.0,1.0285715,0.0,0.0,0.0,1.0","matrix":"0.43953577,0.0,203.7803,0.0,0.28667146,745.45496,0.0,0.0,1.0"},{"lock":false,"type":"frame","path_mask":"\/data\/user\/0\/com.TTT.collagemaker.photoeditor.layout.photocollage\/files\/draft\/id_1652242120759\/sticker\/mask3.png","path_frame":"\/data\/user\/0\/com.TTT.collagemaker.photoeditor.layout.photocollage\/files\/draft\/id_1652242120759\/sticker\/frame3.png","matrix_crop":"1.0285715,0.0,0.0,0.0,1.0285715,0.0,0.0,0.0,1.0","matrix":"0.24254297,0.0,684.2901,0.0,0.26760247,563.4734,0.0,0.0,1.0"},{"lock":false,"type":"frame","path_mask":"\/data\/user\/0\/com.TTT.collagemaker.photoeditor.layout.photocollage\/files\/draft\/id_1652242120759\/sticker\/mask4.png","path_frame":"\/data\/user\/0\/com.TTT.collagemaker.photoeditor.layout.photocollage\/files\/draft\/id_1652242120759\/sticker\/frame4.png","matrix_crop":"1.0285715,0.0,0.0,0.0,1.0285715,0.0,0.0,0.0,1.0","matrix":"0.24254297,0.0,684.2901,0.0,0.18076211,860.20807,0.0,0.0,1.0"}]}