{"name_project":"1637160300348","create_time":1637160300348,"id":"id_1637160300348","width_screen":1080,"height_screen":1776,"type_collage":3,"path_background":"\/data\/user\/0\/com.TTT.collagemaker.photoeditor.layout.photocollage\/files\/draft\/id_1637160300348\/background.png","matrix_background":"0.9,0.0,54.0,0.0,0.9,337.20004,0.0,0.0,1.0","sticker":[{"lock":false,"type":"drawable","path_drawable":"\/data\/user\/0\/com.TTT.collagemaker.photoeditor.layout.photocollage\/files\/draft\/id_1637160300348\/sticker\/drawable0.png","matrix":"0.3,0.0,341.02002,0.0,0.055555545,706.50476,0.0,0.0,1.0","color_fill":-997176},{"lock":false,"type":"frame","path_bitmap":"\/data\/user\/0\/com.TTT.collagemaker.photoeditor.layout.photocollage\/files\/draft\/id_1637160300348\/sticker\/bitmap1.png","path_mask":"\/data\/user\/0\/com.TTT.collagemaker.photoeditor.layout.photocollage\/files\/draft\/id_1637160300348\/sticker\/mask1.png","path_frame":"\/data\/user\/0\/com.TTT.collagemaker.photoeditor.layout.photocollage\/files\/draft\/id_1637160300348\/sticker\/frame1.png","matrix_crop":"1.6165085,0.0,-70.193855,0.0,1.6165085,-26.381958,0.0,0.0,1.0","matrix":"0.3545837,0.0,429.18243,0.0,0.23575841,758.1592,0.0,0.0,1.0"},{"lock":false,"type":"drawable","path_drawable":"\/data\/user\/0\/com.TTT.collagemaker.photoeditor.layout.photocollage\/files\/draft\/id_1637160300348\/sticker\/drawable2.png","matrix":"0.2583374,0.0,197.97803,0.0,0.39066836,531.0117,0.0,0.0,1.0","color_fill":-14560},{"lock":false,"type":"frame","path_bitmap":"\/data\/user\/0\/com.TTT.collagemaker.photoeditor.layout.photocollage\/files\/draft\/id_1637160300348\/sticker\/bitmap3.png","path_mask":"\/data\/user\/0\/com.TTT.collagemaker.photoeditor.layout.photocollage\/files\/draft\/id_1637160300348\/sticker\/mask3.png","path_frame":"\/data\/user\/0\/com.TTT.collagemaker.photoeditor.layout.photocollage\/files\/draft\/id_1637160300348\/sticker\/frame3.png","matrix_crop":"2.1828566,0.0,-57.38054,0.0,2.1828566,-52.83079,0.0,0.0,1.0","matrix":"0.1698189,0.0,245.77802,0.0,0.26573354,598.47656,0.0,0.0,1.0"},{"lock":false,"type":"frame","path_bitmap":"\/data\/user\/0\/com.TTT.collagemaker.photoeditor.layout.photocollage\/files\/draft\/id_1637160300348\/sticker\/bitmap4.png","path_mask":"\/data\/user\/0\/com.TTT.collagemaker.photoeditor.layout.photocollage\/files\/draft\/id_1637160300348\/sticker\/mask4.png","path_frame":"\/data\/user\/0\/com.TTT.collagemaker.photoeditor.layout.photocollage\/files\/draft\/id_1637160300348\/sticker\/frame4.png","matrix_crop":"1.8837426,0.0,-223.19312,0.0,1.8837426,-42.152016,0.0,0.0,1.0","matrix":"0.34994507,0.0,503.02002,0.0,0.24723306,466.95706,0.0,0.0,1.0"},{"lock":false,"type":"drawable","path_drawable":"\/data\/user\/0\/com.TTT.collagemaker.photoeditor.layout.photocollage\/files\/draft\/id_1637160300348\/sticker\/drawable5.png","matrix":"0.5675251,0.0,823.7398,0.0,0.5675251,758.1592,0.0,0.0,1.0","color_fill":0},{"lock":false,"type":"drawable","path_drawable":"\/data\/user\/0\/com.TTT.collagemaker.photoeditor.layout.photocollage\/files\/draft\/id_1637160300348\/sticker\/drawable6.png","matrix":"0.5564166,0.0,824.7684,0.0,0.5564166,831.16254,0.0,0.0,1.0","color_fill":0},{"lock":false,"type":"drawable","path_drawable":"\/data\/user\/0\/com.TTT.collagemaker.photoeditor.layout.photocollage\/files\/draft\/id_1637160300348\/sticker\/drawable7.png","matrix":"0.5488881,0.0,827.4468,0.0,0.5488881,905.6677,0.0,0.0,1.0","color_fill":0},{"lock":false,"type":"drawable","path_drawable":"\/data\/user\/0\/com.TTT.collagemaker.photoeditor.layout.photocollage\/files\/draft\/id_1637160300348\/sticker\/drawable8.png","matrix":"0.56798923,0.0,827.4468,0.0,0.56798923,966.20294,0.0,0.0,1.0","color_fill":0},{"lock":false,"type":"drawable","path_drawable":"\/data\/user\/0\/com.TTT.collagemaker.photoeditor.layout.photocollage\/files\/draft\/id_1637160300348\/sticker\/drawable9.png","matrix":"0.7913636,0.0,355.10037,0.0,0.7913636,836.62524,0.0,0.0,1.0","color_fill":0},{"lock":false,"type":"drawable","path_drawable":"\/data\/user\/0\/com.TTT.collagemaker.photoeditor.layout.photocollage\/files\/draft\/id_1637160300348\/sticker\/drawable10.png","matrix":"0.683721,0.0,382.15628,0.0,0.683721,568.66986,0.0,0.0,1.0","color_fill":0},{"lock":false,"type":"drawable","path_drawable":"\/data\/user\/0\/com.TTT.collagemaker.photoeditor.layout.photocollage\/files\/draft\/id_1637160300348\/sticker\/drawable11.png","matrix":"0.5074685,0.0,610.44666,0.0,0.5074685,980.0463,0.0,0.0,1.0","color_fill":0},{"lock":false,"type":"drawable","path_drawable":"\/data\/user\/0\/com.TTT.collagemaker.photoeditor.layout.photocollage\/files\/draft\/id_1637160300348\/sticker\/drawable12.png","matrix":"0.624833,0.0,705.34326,0.0,0.624833,427.28018,0.0,0.0,1.0","color_fill":0},{"lock":false,"type":"text","matrix":"0.2429229,0.27015015,33.620914,-0.27015015,0.2429229,655.89,0.0,0.0,1.0","content":"bringing the sunshine","sizePx":60,"fontPosition":0,"fontName":"\/data\/user\/0\/com.TTT.collagemaker.photoeditor.layout.photocollage\/files\/font\/OpenSans-Light.ttf","alignment":2,"isLower":true,"isBold":false,"isUnderline":false,"isItalic":false,"spacing":0.41600000858306885,"lineHeight":20,"textOpacity":255,"colorShadow":0,"blurShadow":80,"offsetX":10,"offsetY":5,"shadowPosition":0,"borderPosition":0,"colorBorder":0,"sizeBorder":5,"backgroundOpacity":255,"paddingBackgroundX":0,"paddingBackgroundY":0,"roundBackground":0,"curve":48,"gradientPosition":0,"angleGradientText":0,"palettePosition":0,"colorText":-16777216,"colorPosition":0,"colorBackgroundPosition":0,"colorBackground":0,"gradientBackgroundPosition":0,"angleGradientBackground":90,"colorBorderBackground":0,"colorBorderBackgroundPosition":0,"borderBackgroundOpacity":255,"sizeBorderBackground":3,"isLock":false}]}