{"name_project":"1652241687573","create_time":1652241687573,"id":"id_1652241687573","width_screen":1080,"height_screen":1486,"type_collage":3,"path_background":"\/data\/user\/0\/com.TTT.collagemaker.photoeditor.layout.photocollage\/files\/draft\/id_1652241687573\/background.png","matrix_background":"0.9,0.0,54.0,0.0,0.9,354.19998,0.0,0.0,1.0","sticker":[{"lock":false,"type":"drawable","path_drawable":"\/data\/user\/0\/com.TTT.collagemaker.photoeditor.layout.photocollage\/files\/draft\/id_1652241687573\/sticker\/drawable0.png","matrix":"0.7204845,0.0,54.0,0.0,0.7204845,354.19998,0.0,0.0,1.0","color_fill":0},{"lock":false,"type":"frame","path_mask":"\/data\/user\/0\/com.TTT.collagemaker.photoeditor.layout.photocollage\/files\/draft\/id_1652241687573\/sticker\/mask1.png","path_frame":"\/data\/user\/0\/com.TTT.collagemaker.photoeditor.layout.photocollage\/files\/draft\/id_1652241687573\/sticker\/frame1.png","matrix_crop":"1.0555556,0.0,-314.47223,0.0,1.0555556,0.0,0.0,0.0,1.0","matrix":"0.26700997,0.0,126.0022,0.0,0.26700997,458.0,0.0,0.0,1.0"},{"lock":false,"type":"frame","path_mask":"\/data\/user\/0\/com.TTT.collagemaker.photoeditor.layout.photocollage\/files\/draft\/id_1652241687573\/sticker\/mask2.png","path_frame":"\/data\/user\/0\/com.TTT.collagemaker.photoeditor.layout.photocollage\/files\/draft\/id_1652241687573\/sticker\/frame2.png","matrix_crop":"1.0555556,0.0,-314.47223,0.0,1.0555556,0.0,0.0,0.0,1.0","matrix":"0.29873246,0.0,607.38116,0.0,0.29873246,494.03516,0.0,0.0,1.0"},{"lock":false,"type":"frame","path_mask":"\/data\/user\/0\/com.TTT.collagemaker.photoeditor.layout.photocollage\/files\/draft\/id_1652241687573\/sticker\/mask3.png","path_frame":"\/data\/user\/0\/com.TTT.collagemaker.photoeditor.layout.photocollage\/files\/draft\/id_1652241687573\/sticker\/frame3.png","matrix_crop":"1.0555556,0.0,-315.52777,0.0,1.0555556,0.0,0.0,0.0,1.0","matrix":"0.30361223,0.0,333.63553,0.0,0.30361223,664.3126,0.0,0.0,1.0"}]}