{"name_project":"1651822392120","create_time":1651822392120,"id":"id_1651822392120","width_screen":1080,"height_screen":1486,"type_collage":3,"path_background":"\/data\/user\/0\/com.TTT.collagemaker.photoeditor.layout.photocollage\/files\/draft\/id_1651822392120\/background.png","matrix_background":"0.9,0.0,54.0,0.0,0.9,354.19998,0.0,0.0,1.0","sticker":[{"lock":false,"type":"drawable","path_drawable":"\/data\/user\/0\/com.TTT.collagemaker.photoeditor.layout.photocollage\/files\/draft\/id_1651822392120\/sticker\/drawable0.png","matrix":"0.12434643,0.0,54.0,0.0,0.09580167,1028.3337,0.0,0.0,1.0","color_fill":0},{"lock":false,"type":"drawable","path_drawable":"\/data\/user\/0\/com.TTT.collagemaker.photoeditor.layout.photocollage\/files\/draft\/id_1651822392120\/sticker\/drawable1.png","matrix":"0.19993013,0.0,800.4788,0.0,0.19993013,527.0754,0.0,0.0,1.0","color_fill":0},{"lock":false,"type":"drawable","path_drawable":"\/data\/user\/0\/com.TTT.collagemaker.photoeditor.layout.photocollage\/files\/draft\/id_1651822392120\/sticker\/drawable2.png","matrix":"0.172666,0.0,54.0,0.0,0.172666,765.1418,0.0,0.0,1.0","color_fill":0},{"lock":false,"type":"text","matrix":"1.2512225,0.0,314.10406,0.0,1.8193508,402.0547,0.0,0.0,1.0","content":"One Year Old","sizePx":60,"fontPosition":0,"fontName":"\/data\/user\/0\/com.TTT.collagemaker.photoeditor.layout.photocollage\/files\/font\/Kollektif.ttf","alignment":2,"isLower":true,"isBold":false,"isUnderline":false,"isItalic":false,"spacing":0,"lineHeight":20,"textOpacity":255,"colorShadow":0,"blurShadow":80,"offsetX":10,"offsetY":5,"shadowPosition":0,"borderPosition":0,"colorBorder":0,"sizeBorder":5,"backgroundOpacity":255,"paddingBackgroundX":0,"paddingBackgroundY":0,"roundBackground":0,"curve":0,"gradientPosition":0,"angleGradientText":0,"palettePosition":0,"colorText":-16608131,"colorPosition":0,"colorBackgroundPosition":0,"colorBackground":0,"gradientBackgroundPosition":0,"angleGradientBackground":90,"colorBorderBackground":0,"colorBorderBackgroundPosition":0,"borderBackgroundOpacity":255,"sizeBorderBackground":3,"isLock":false},{"lock":false,"type":"text","matrix":"0.6401456,0.0,428.33002,0.0,0.6401456,500.62915,0.0,0.0,1.0","content":"Baby Richard","sizePx":60,"fontPosition":0,"fontName":"\/data\/user\/0\/com.TTT.collagemaker.photoeditor.layout.photocollage\/files\/font\/Bodoni Bold Italic.ttf","alignment":2,"isLower":true,"isBold":false,"isUnderline":false,"isItalic":false,"spacing":0,"lineHeight":20,"textOpacity":255,"colorShadow":0,"blurShadow":80,"offsetX":10,"offsetY":5,"shadowPosition":0,"borderPosition":0,"colorBorder":0,"sizeBorder":5,"backgroundOpacity":255,"paddingBackgroundX":0,"paddingBackgroundY":0,"roundBackground":0,"curve":0,"gradientPosition":0,"angleGradientText":0,"palettePosition":0,"colorText":-3237802,"colorPosition":0,"colorBackgroundPosition":0,"colorBackground":0,"gradientBackgroundPosition":0,"angleGradientBackground":90,"colorBorderBackground":0,"colorBorderBackgroundPosition":0,"borderBackgroundOpacity":255,"sizeBorderBackground":3,"isLock":false},{"lock":false,"type":"frame","path_bitmap":"\/data\/user\/0\/com.TTT.collagemaker.photoeditor.layout.photocollage\/files\/draft\/id_1651822392120\/sticker\/bitmap5.png","path_mask":"\/data\/user\/0\/com.TTT.collagemaker.photoeditor.layout.photocollage\/files\/draft\/id_1651822392120\/sticker\/mask5.png","path_frame":"\/data\/user\/0\/com.TTT.collagemaker.photoeditor.layout.photocollage\/files\/draft\/id_1651822392120\/sticker\/frame5.png","matrix_crop":"1.050926,0.0,-311.7755,0.0,1.050926,0.0,0.0,0.0,1.0","matrix":"0.24744898,-0.07599783,606.4498,0.104200974,0.18047418,635.03766,0.0,0.0,1.0"},{"lock":false,"type":"frame","path_bitmap":"\/data\/user\/0\/com.TTT.collagemaker.photoeditor.layout.photocollage\/files\/draft\/id_1651822392120\/sticker\/bitmap6.png","path_mask":"\/data\/user\/0\/com.TTT.collagemaker.photoeditor.layout.photocollage\/files\/draft\/id_1651822392120\/sticker\/mask6.png","path_frame":"\/data\/user\/0\/com.TTT.collagemaker.photoeditor.layout.photocollage\/files\/draft\/id_1651822392120\/sticker\/frame6.png","matrix_crop":"1.050926,0.0,-311.7755,0.0,1.050926,0.0,0.0,0.0,1.0","matrix":"0.257719,-0.035734855,312.61127,0.035734855,0.257719,639.2058,0.0,0.0,1.0"},{"lock":false,"type":"frame","path_bitmap":"\/data\/user\/0\/com.TTT.collagemaker.photoeditor.layout.photocollage\/files\/draft\/id_1651822392120\/sticker\/bitmap7.png","path_mask":"\/data\/user\/0\/com.TTT.collagemaker.photoeditor.layout.photocollage\/files\/draft\/id_1651822392120\/sticker\/mask7.png","path_frame":"\/data\/user\/0\/com.TTT.collagemaker.photoeditor.layout.photocollage\/files\/draft\/id_1651822392120\/sticker\/frame7.png","matrix_crop":"1.050926,0.0,-311.7755,0.0,1.050926,0.0,0.0,0.0,1.0","matrix":"0.20788261,0.07140973,505.26376,-0.090580635,0.1638854,906.1674,0.0,0.0,1.0"},{"lock":false,"type":"drawable","path_drawable":"\/data\/user\/0\/com.TTT.collagemaker.photoeditor.layout.photocollage\/files\/draft\/id_1651822392120\/sticker\/drawable8.png","matrix":"0.07679038,0.0,680.3664,0.0,0.07679038,757.8891,0.0,0.0,1.0","color_fill":0}]}