{"name_project":"1638119868559","create_time":1638119868559,"id":"id_1638119868559","width_screen":1080,"height_screen":1452,"type_collage":3,"path_background":"\/data\/user\/0\/com.TTT.collagemaker.photoeditor.layout.photocollage\/files\/draft\/id_1638119868559\/background.png","matrix_background":"0.9,0.0,54.0,0.0,0.9,337.20004,0.0,0.0,1.0","sticker":[{"lock":false,"type":"frame","path_bitmap":"\/data\/user\/0\/com.TTT.collagemaker.photoeditor.layout.photocollage\/files\/draft\/id_1638119868559\/sticker\/bitmap0.png","path_mask":"\/data\/user\/0\/com.TTT.collagemaker.photoeditor.layout.photocollage\/files\/draft\/id_1638119868559\/sticker\/mask0.png","path_frame":"\/data\/user\/0\/com.TTT.collagemaker.photoeditor.layout.photocollage\/files\/draft\/id_1638119868559\/sticker\/frame0.png","matrix_crop":"2.5899282,0.0,-32.046143,0.0,2.5899282,-358.75366,0.0,0.0,1.0","matrix":"0.39053866,0.0,151.2,0.0,0.2869634,434.40002,0.0,0.0,1.0"},{"lock":false,"type":"frame","path_bitmap":"\/data\/user\/0\/com.TTT.collagemaker.photoeditor.layout.photocollage\/files\/draft\/id_1638119868559\/sticker\/bitmap1.png","path_mask":"\/data\/user\/0\/com.TTT.collagemaker.photoeditor.layout.photocollage\/files\/draft\/id_1638119868559\/sticker\/mask1.png","path_frame":"\/data\/user\/0\/com.TTT.collagemaker.photoeditor.layout.photocollage\/files\/draft\/id_1638119868559\/sticker\/frame1.png","matrix_crop":"2.8833215,0.0,-150.29504,0.0,2.8833215,-110.61565,0.0,0.0,1.0","matrix":"0.28061318,0.0,571.2779,0.0,0.20619145,434.40002,0.0,0.0,1.0"},{"lock":false,"type":"frame","path_bitmap":"\/data\/user\/0\/com.TTT.collagemaker.photoeditor.layout.photocollage\/files\/draft\/id_1638119868559\/sticker\/bitmap2.png","path_mask":"\/data\/user\/0\/com.TTT.collagemaker.photoeditor.layout.photocollage\/files\/draft\/id_1638119868559\/sticker\/mask2.png","path_frame":"\/data\/user\/0\/com.TTT.collagemaker.photoeditor.layout.photocollage\/files\/draft\/id_1638119868559\/sticker\/frame2.png","matrix_crop":"2.5951471,0.0,-34.255936,0.0,2.5951471,-44.89969,0.0,0.0,1.0","matrix":"0.302174,0.0,210.55975,0.0,0.22203411,744.3205,0.0,0.0,1.0"},{"lock":false,"type":"frame","path_bitmap":"\/data\/user\/0\/com.TTT.collagemaker.photoeditor.layout.photocollage\/files\/draft\/id_1638119868559\/sticker\/bitmap3.png","path_mask":"\/data\/user\/0\/com.TTT.collagemaker.photoeditor.layout.photocollage\/files\/draft\/id_1638119868559\/sticker\/mask3.png","path_frame":"\/data\/user\/0\/com.TTT.collagemaker.photoeditor.layout.photocollage\/files\/draft\/id_1638119868559\/sticker\/frame3.png","matrix_crop":"2.6600986,0.0,0.0,0.0,2.6600986,-176.89655,0.0,0.0,1.0","matrix":"0.29754576,0.0,607.45056,0.0,0.35305864,599.1728,0.0,0.0,1.0"},{"lock":false,"type":"drawable","path_drawable":"\/data\/user\/0\/com.TTT.collagemaker.photoeditor.layout.photocollage\/files\/draft\/id_1638119868559\/sticker\/drawable4.png","matrix":"0.7033971,0.0,438.35913,0.0,0.7033971,809.3944,0.0,0.0,1.0","color_fill":0},{"lock":false,"type":"drawable","path_drawable":"\/data\/user\/0\/com.TTT.collagemaker.photoeditor.layout.photocollage\/files\/draft\/id_1638119868559\/sticker\/drawable5.png","matrix":"0.61417556,0.0,415.0153,0.0,0.61417556,599.1728,0.0,0.0,1.0","color_fill":0},{"lock":false,"type":"frame","path_bitmap":"\/data\/user\/0\/com.TTT.collagemaker.photoeditor.layout.photocollage\/files\/draft\/id_1638119868559\/sticker\/bitmap6.png","path_mask":"\/data\/user\/0\/com.TTT.collagemaker.photoeditor.layout.photocollage\/files\/draft\/id_1638119868559\/sticker\/mask6.png","path_frame":"\/data\/user\/0\/com.TTT.collagemaker.photoeditor.layout.photocollage\/files\/draft\/id_1638119868559\/sticker\/frame6.png","matrix_crop":"3.483871,0.0,-289.16132,0.0,3.483871,0.0,0.0,0.0,1.0","matrix":"0.31781402,0.0,243.39572,0.0,0.19271958,434.40002,0.0,0.0,1.0"},{"lock":false,"type":"drawable","path_drawable":"\/data\/user\/0\/com.TTT.collagemaker.photoeditor.layout.photocollage\/files\/draft\/id_1638119868559\/sticker\/drawable7.png","matrix":"-4.42751E-4,0.06410727,698.8894,-0.040484015,-7.0110534E-4,452.77377,0.0,0.0,1.0","color_fill":0},{"lock":false,"type":"drawable","path_drawable":"\/data\/user\/0\/com.TTT.collagemaker.photoeditor.layout.photocollage\/files\/draft\/id_1638119868559\/sticker\/drawable8.png","matrix":"-4.42751E-4,0.06410727,380.5942,-0.040484015,-7.0110534E-4,452.77377,0.0,0.0,1.0","color_fill":0},{"lock":false,"type":"drawable","path_drawable":"\/data\/user\/0\/com.TTT.collagemaker.photoeditor.layout.photocollage\/files\/draft\/id_1638119868559\/sticker\/drawable9.png","matrix":"0.040475186,0.0015111573,132.39275,-9.543023E-4,0.064093284,539.317,0.0,0.0,1.0","color_fill":0},{"lock":false,"type":"drawable","path_drawable":"\/data\/user\/0\/com.TTT.collagemaker.photoeditor.layout.photocollage\/files\/draft\/id_1638119868559\/sticker\/drawable10.png","matrix":"0.040475186,0.0015111573,192.00735,-9.543023E-4,0.064093284,853.67566,0.0,0.0,1.0","color_fill":0},{"lock":false,"type":"drawable","path_drawable":"\/data\/user\/0\/com.TTT.collagemaker.photoeditor.layout.photocollage\/files\/draft\/id_1638119868559\/sticker\/drawable11.png","matrix":"0.040475186,0.0015111573,396.20807,-9.543023E-4,0.064093284,691.8138,0.0,0.0,1.0","color_fill":0},{"lock":false,"type":"drawable","path_drawable":"\/data\/user\/0\/com.TTT.collagemaker.photoeditor.layout.photocollage\/files\/draft\/id_1638119868559\/sticker\/drawable12.png","matrix":"0.040475186,0.0015111573,909.99274,-9.543023E-4,0.064093284,761.88293,0.0,0.0,1.0","color_fill":0}]}