{"name_project":"1652428757199","create_time":1652428757199,"id":"id_1652428757199","width_screen":1080,"height_screen":1486,"type_collage":3,"path_background":"\/data\/user\/0\/com.TTT.collagemaker.photoeditor.layout.photocollage\/files\/draft\/id_1652428757199\/background.png","matrix_background":"0.9,0.0,54.0,0.0,0.9,354.19998,0.0,0.0,1.0","sticker":[{"lock":false,"type":"frame","path_mask":"\/data\/user\/0\/com.TTT.collagemaker.photoeditor.layout.photocollage\/files\/draft\/id_1652428757199\/sticker\/mask0.png","path_frame":"\/data\/user\/0\/com.TTT.collagemaker.photoeditor.layout.photocollage\/files\/draft\/id_1652428757199\/sticker\/frame0.png","matrix_crop":"0.7175184,0.0,-44.82498,0.0,0.7175184,-175.46558,0.0,0.0,1.0","matrix":"0.4490539,0.0,54.0,0.0,0.24049771,354.19998,0.0,0.0,1.0"},{"lock":false,"type":"frame","path_mask":"\/data\/user\/0\/com.TTT.collagemaker.photoeditor.layout.photocollage\/files\/draft\/id_1652428757199\/sticker\/mask1.png","path_frame":"\/data\/user\/0\/com.TTT.collagemaker.photoeditor.layout.photocollage\/files\/draft\/id_1652428757199\/sticker\/frame1.png","matrix_crop":"0.64819217,0.0,-36.014355,0.0,0.64819217,-92.9664,0.0,0.0,1.0","matrix":"0.4490539,0.0,540.0,0.0,0.24049771,354.19998,0.0,0.0,1.0"},{"lock":false,"type":"frame","path_mask":"\/data\/user\/0\/com.TTT.collagemaker.photoeditor.layout.photocollage\/files\/draft\/id_1652428757199\/sticker\/mask2.png","path_frame":"\/data\/user\/0\/com.TTT.collagemaker.photoeditor.layout.photocollage\/files\/draft\/id_1652428757199\/sticker\/frame2.png","matrix_crop":"0.71935695,0.0,-44.614586,0.0,0.71935695,-328.09338,0.0,0.0,1.0","matrix":"0.4490539,0.0,297.51093,0.0,0.24049771,872.06244,0.0,0.0,1.0"},{"lock":false,"type":"frame","path_mask":"\/data\/user\/0\/com.TTT.collagemaker.photoeditor.layout.photocollage\/files\/draft\/id_1652428757199\/sticker\/mask3.png","path_frame":"\/data\/user\/0\/com.TTT.collagemaker.photoeditor.layout.photocollage\/files\/draft\/id_1652428757199\/sticker\/frame3.png","matrix_crop":"1.0329264,0.0,-2271.9688,0.0,1.0329264,-25.93732,0.0,0.0,1.0","matrix":"0.22496338,0.0,54.0,0.0,0.47850266,613.13116,0.0,0.0,1.0"},{"lock":false,"type":"frame","path_mask":"\/data\/user\/0\/com.TTT.collagemaker.photoeditor.layout.photocollage\/files\/draft\/id_1652428757199\/sticker\/mask4.png","path_frame":"\/data\/user\/0\/com.TTT.collagemaker.photoeditor.layout.photocollage\/files\/draft\/id_1652428757199\/sticker\/frame4.png","matrix_crop":"1.1561992,0.0,-2966.5322,0.0,1.1561992,6.487442,0.0,0.0,1.0","matrix":"0.22496338,0.0,783.03955,0.0,0.47850266,615.0171,0.0,0.0,1.0"},{"lock":false,"type":"drawable","path_drawable":"\/data\/user\/0\/com.TTT.collagemaker.photoeditor.layout.photocollage\/files\/draft\/id_1652428757199\/sticker\/drawable5.png","matrix":"0.103073865,0.0,349.93182,0.0,0.103073865,631.6802,0.0,0.0,1.0","color_fill":0},{"lock":false,"type":"text","matrix":"0.64007884,0.0,403.5775,0.0,0.64007884,768.44916,0.0,0.0,1.0","content":"discover the \nworld","sizePx":60,"fontPosition":0,"fontName":"\/data\/user\/0\/com.TTT.collagemaker.photoeditor.layout.photocollage\/files\/font\/CinzelDecorative-Regular.ttf","alignment":2,"isLower":true,"isBold":false,"isUnderline":false,"isItalic":false,"spacing":0,"lineHeight":20,"textOpacity":255,"colorShadow":0,"blurShadow":80,"offsetX":10,"offsetY":5,"shadowPosition":0,"borderPosition":0,"colorBorder":0,"sizeBorder":5,"backgroundOpacity":255,"paddingBackgroundX":0,"paddingBackgroundY":0,"roundBackground":0,"curve":0,"gradientPosition":0,"angleGradientText":0,"palettePosition":0,"colorText":-1,"colorPosition":1,"colorBackgroundPosition":0,"colorBackground":0,"gradientBackgroundPosition":0,"angleGradientBackground":90,"colorBorderBackground":0,"colorBorderBackgroundPosition":0,"borderBackgroundOpacity":255,"sizeBorderBackground":3,"isLock":false}]}