{"name_project":"1652070822903","create_time":1652070822903,"id":"id_1652070822903","width_screen":1080,"height_screen":1486,"type_collage":3,"path_background":"\/data\/user\/0\/com.TTT.collagemaker.photoeditor.layout.photocollage\/files\/draft\/id_1652070822903\/background.png","matrix_background":"0.9,0.0,54.0,0.0,0.9,354.19998,0.0,0.0,1.0","sticker":[{"lock":false,"type":"drawable","path_drawable":"\/data\/user\/0\/com.TTT.collagemaker.photoeditor.layout.photocollage\/files\/draft\/id_1652070822903\/sticker\/drawable0.png","matrix":"0.718597,0.0,54.0,0.0,0.718597,354.19998,0.0,0.0,1.0","color_fill":0},{"lock":false,"type":"frame","path_mask":"\/data\/user\/0\/com.TTT.collagemaker.photoeditor.layout.photocollage\/files\/draft\/id_1652070822903\/sticker\/mask1.png","path_frame":"\/data\/user\/0\/com.TTT.collagemaker.photoeditor.layout.photocollage\/files\/draft\/id_1652070822903\/sticker\/frame1.png","matrix_crop":"1.2095238,0.0,-95.0,0.0,1.2095238,0.0,0.0,0.0,1.0","matrix":"0.25102505,0.0,101.89285,0.0,0.27942982,742.99994,0.0,0.0,1.0"},{"lock":false,"type":"frame","path_mask":"\/data\/user\/0\/com.TTT.collagemaker.photoeditor.layout.photocollage\/files\/draft\/id_1652070822903\/sticker\/mask2.png","path_frame":"\/data\/user\/0\/com.TTT.collagemaker.photoeditor.layout.photocollage\/files\/draft\/id_1652070822903\/sticker\/frame2.png","matrix_crop":"1.2095238,0.0,-95.0,0.0,1.2095238,0.0,0.0,0.0,1.0","matrix":"0.25102505,0.0,704.07385,0.0,0.27942982,388.12408,0.0,0.0,1.0"},{"lock":false,"type":"frame","path_mask":"\/data\/user\/0\/com.TTT.collagemaker.photoeditor.layout.photocollage\/files\/draft\/id_1652070822903\/sticker\/mask3.png","path_frame":"\/data\/user\/0\/com.TTT.collagemaker.photoeditor.layout.photocollage\/files\/draft\/id_1652070822903\/sticker\/frame3.png","matrix_crop":"1.2095238,0.0,-95.0,0.0,1.2095238,0.0,0.0,0.0,1.0","matrix":"0.25102505,0.0,404.44647,0.0,0.27942982,565.562,0.0,0.0,1.0"}]}