{"name_project":"1637158816024","create_time":1637158816024,"id":"id_1637158816024","width_screen":1080,"height_screen":1776,"type_collage":3,"path_background":"\/data\/user\/0\/com.TTT.collagemaker.photoeditor.layout.photocollage\/files\/draft\/id_1637158816024\/background.png","matrix_background":"0.9,0.0,54.0,0.0,0.9,337.20004,0.0,0.0,1.0","sticker":[{"lock":true,"type":"drawable","path_drawable":"\/data\/user\/0\/com.TTT.collagemaker.photoeditor.layout.photocollage\/files\/draft\/id_1637158816024\/sticker\/drawable0.png","matrix":"1.2439997,0.0,54.0,0.0,1.2439997,337.20004,0.0,0.0,1.0","color_fill":0},{"lock":true,"type":"frame","path_bitmap":"\/data\/user\/0\/com.TTT.collagemaker.photoeditor.layout.photocollage\/files\/draft\/id_1637158816024\/sticker\/bitmap1.png","path_mask":"\/data\/user\/0\/com.TTT.collagemaker.photoeditor.layout.photocollage\/files\/draft\/id_1637158816024\/sticker\/mask1.png","path_frame":"\/data\/user\/0\/com.TTT.collagemaker.photoeditor.layout.photocollage\/files\/draft\/id_1637158816024\/sticker\/frame1.png","matrix_crop":"1.7303455,0.0,-24.243652,0.0,1.7303455,-77.86005,0.0,0.0,1.0","matrix":"0.4124298,0.0,151.52893,0.0,0.21340604,436.95703,0.0,0.0,1.0"},{"lock":true,"type":"frame","path_bitmap":"\/data\/user\/0\/com.TTT.collagemaker.photoeditor.layout.photocollage\/files\/draft\/id_1637158816024\/sticker\/bitmap2.png","path_mask":"\/data\/user\/0\/com.TTT.collagemaker.photoeditor.layout.photocollage\/files\/draft\/id_1637158816024\/sticker\/mask2.png","path_frame":"\/data\/user\/0\/com.TTT.collagemaker.photoeditor.layout.photocollage\/files\/draft\/id_1637158816024\/sticker\/frame2.png","matrix_crop":"2.4757302,0.0,-190.66417,0.0,2.4757302,-21.193851,0.0,0.0,1.0","matrix":"0.27369595,0.0,613.95996,0.0,0.21617293,436.95703,0.0,0.0,1.0"},{"lock":true,"type":"frame","path_bitmap":"\/data\/user\/0\/com.TTT.collagemaker.photoeditor.layout.photocollage\/files\/draft\/id_1637158816024\/sticker\/bitmap3.png","path_mask":"\/data\/user\/0\/com.TTT.collagemaker.photoeditor.layout.photocollage\/files\/draft\/id_1637158816024\/sticker\/mask3.png","path_frame":"\/data\/user\/0\/com.TTT.collagemaker.photoeditor.layout.photocollage\/files\/draft\/id_1637158816024\/sticker\/frame3.png","matrix_crop":"1.64153,0.0,-41.410988,0.0,1.64153,-34.05613,0.0,0.0,1.0","matrix":"0.45225522,0.0,151.52893,0.0,0.32059798,682.43555,0.0,0.0,1.0"},{"lock":false,"type":"frame","path_bitmap":"\/data\/user\/0\/com.TTT.collagemaker.photoeditor.layout.photocollage\/files\/draft\/id_1637158816024\/sticker\/bitmap4.png","path_mask":"\/data\/user\/0\/com.TTT.collagemaker.photoeditor.layout.photocollage\/files\/draft\/id_1637158816024\/sticker\/mask4.png","path_frame":"\/data\/user\/0\/com.TTT.collagemaker.photoeditor.layout.photocollage\/files\/draft\/id_1637158816024\/sticker\/frame4.png","matrix_crop":"2.3744986,0.0,-491.05573,0.0,2.3744986,-60.18186,0.0,0.0,1.0","matrix":"0.23358916,0.0,657.27563,0.0,0.31846786,682.43555,0.0,0.0,1.0"},{"lock":true,"type":"drawable","path_drawable":"\/data\/user\/0\/com.TTT.collagemaker.photoeditor.layout.photocollage\/files\/draft\/id_1637158816024\/sticker\/drawable5.png","matrix":"0.21360748,0.0,524.6166,0.0,0.21360748,567.0875,0.0,0.0,1.0","color_fill":-1349097},{"lock":false,"type":"drawable","path_drawable":"\/data\/user\/0\/com.TTT.collagemaker.photoeditor.layout.photocollage\/files\/draft\/id_1637158816024\/sticker\/drawable6.png","matrix":"0.1767121,0.0,544.54004,0.0,0.1767121,587.011,0.0,0.0,1.0","color_fill":-3501032},{"lock":false,"type":"drawable","path_drawable":"\/data\/user\/0\/com.TTT.collagemaker.photoeditor.layout.photocollage\/files\/draft\/id_1637158816024\/sticker\/drawable7.png","matrix":"0.730546,0.0,592.47906,0.0,0.730546,633.12366,0.0,0.0,1.0","color_fill":0},{"lock":true,"type":"text","matrix":"0.54643726,0.0,579.0248,0.0,0.4797376,607.6205,0.0,0.0,1.0","content":"HAPPY","sizePx":60,"fontPosition":0,"fontName":"\/data\/user\/0\/com.TTT.collagemaker.photoeditor.layout.photocollage\/files\/font\/AlegreyaSans-Light.ttf","alignment":2,"isLower":true,"isBold":false,"isUnderline":false,"isItalic":false,"spacing":0.17600001394748688,"lineHeight":20,"textOpacity":255,"colorShadow":0,"blurShadow":80,"offsetX":10,"offsetY":5,"shadowPosition":0,"borderPosition":0,"colorBorder":0,"sizeBorder":5,"backgroundOpacity":255,"paddingBackgroundX":0,"paddingBackgroundY":0,"roundBackground":0,"curve":45,"gradientPosition":0,"angleGradientText":0,"palettePosition":0,"colorText":-1,"colorPosition":1,"colorBackgroundPosition":0,"colorBackground":0,"gradientBackgroundPosition":0,"angleGradientBackground":90,"colorBorderBackground":0,"colorBorderBackgroundPosition":0,"borderBackgroundOpacity":255,"sizeBorderBackground":3,"isLock":true},{"lock":true,"type":"text","matrix":"-0.3805895,-0.018983584,741.2223,0.02162294,-0.33413368,757.16614,0.0,0.0,1.0","content":"THANKSGIVING","sizePx":60,"fontPosition":0,"fontName":"\/data\/user\/0\/com.TTT.collagemaker.photoeditor.layout.photocollage\/files\/font\/AlegreyaSans-Light.ttf","alignment":2,"isLower":true,"isBold":false,"isUnderline":false,"isItalic":false,"spacing":0.17600001394748688,"lineHeight":20,"textOpacity":255,"colorShadow":0,"blurShadow":80,"offsetX":10,"offsetY":5,"shadowPosition":0,"borderPosition":0,"colorBorder":0,"sizeBorder":5,"backgroundOpacity":255,"paddingBackgroundX":0,"paddingBackgroundY":0,"roundBackground":0,"curve":46,"gradientPosition":0,"angleGradientText":0,"palettePosition":0,"colorText":-1,"colorPosition":1,"colorBackgroundPosition":0,"colorBackground":0,"gradientBackgroundPosition":0,"angleGradientBackground":90,"colorBorderBackground":0,"colorBorderBackgroundPosition":0,"borderBackgroundOpacity":255,"sizeBorderBackground":3,"isLock":true}]}