{"name_project":"1652426365760","create_time":1652426365760,"id":"id_1652426365760","width_screen":1080,"height_screen":1486,"type_collage":6,"path_background":"\/data\/user\/0\/com.TTT.collagemaker.photoeditor.layout.photocollage\/files\/draft\/id_1652426365760\/background.png","matrix_background":"0.80999994,0.0,102.6,0.0,0.80999994,393.08,0.0,0.0,1.0","sticker":[{"lock":false,"type":"drawable","path_drawable":"\/data\/user\/0\/com.TTT.collagemaker.photoeditor.layout.photocollage\/files\/draft\/id_1652426365760\/sticker\/drawable0.png","matrix":"0.6516769,0.0,102.6,0.0,0.6516769,393.08,0.0,0.0,1.0","color_fill":0},{"lock":false,"type":"frame","path_mask":"\/data\/user\/0\/com.TTT.collagemaker.photoeditor.layout.photocollage\/files\/draft\/id_1652426365760\/sticker\/mask1.png","path_frame":"\/data\/user\/0\/com.TTT.collagemaker.photoeditor.layout.photocollage\/files\/draft\/id_1652426365760\/sticker\/frame1.png","matrix_crop":"1.0,0.0,-276.0,0.0,1.0,0.0,0.0,0.0,1.0","matrix":"0.150707,0.0,110.42073,0.0,0.20284334,401.15234,0.0,0.0,1.0"},{"lock":false,"type":"frame","path_mask":"\/data\/user\/0\/com.TTT.collagemaker.photoeditor.layout.photocollage\/files\/draft\/id_1652426365760\/sticker\/mask2.png","path_frame":"\/data\/user\/0\/com.TTT.collagemaker.photoeditor.layout.photocollage\/files\/draft\/id_1652426365760\/sticker\/frame2.png","matrix_crop":"1.073734,0.0,-698.11523,0.0,1.073734,-9.606224,0.0,0.0,1.0","matrix":"0.14328568,0.0,607.98364,0.0,0.20298432,398.80923,0.0,0.0,1.0"},{"lock":false,"type":"frame","path_mask":"\/data\/user\/0\/com.TTT.collagemaker.photoeditor.layout.photocollage\/files\/draft\/id_1652426365760\/sticker\/mask3.png","path_frame":"\/data\/user\/0\/com.TTT.collagemaker.photoeditor.layout.photocollage\/files\/draft\/id_1652426365760\/sticker\/frame3.png","matrix_crop":"1.0,0.0,-270.5,0.0,1.0,0.0,0.0,0.0,1.0","matrix":"0.2967691,0.0,279.5973,0.0,0.20448731,398.80923,0.0,0.0,1.0"},{"lock":false,"type":"frame","path_mask":"\/data\/user\/0\/com.TTT.collagemaker.photoeditor.layout.photocollage\/files\/draft\/id_1652426365760\/sticker\/mask4.png","path_frame":"\/data\/user\/0\/com.TTT.collagemaker.photoeditor.layout.photocollage\/files\/draft\/id_1652426365760\/sticker\/frame4.png","matrix_crop":"1.0,0.0,-270.5,0.0,1.0,0.0,0.0,0.0,1.0","matrix":"0.24543759,0.0,111.99074,0.0,0.20284334,633.4646,0.0,0.0,1.0"},{"lock":false,"type":"frame","path_mask":"\/data\/user\/0\/com.TTT.collagemaker.photoeditor.layout.photocollage\/files\/draft\/id_1652426365760\/sticker\/mask5.png","path_frame":"\/data\/user\/0\/com.TTT.collagemaker.photoeditor.layout.photocollage\/files\/draft\/id_1652426365760\/sticker\/frame5.png","matrix_crop":"1.0,0.0,-270.5,0.0,1.0,0.0,0.0,0.0,1.0","matrix":"0.34847376,0.0,386.26306,0.0,0.20284334,633.4646,0.0,0.0,1.0"},{"lock":false,"type":"frame","path_mask":"\/data\/user\/0\/com.TTT.collagemaker.photoeditor.layout.photocollage\/files\/draft\/id_1652426365760\/sticker\/mask6.png","path_frame":"\/data\/user\/0\/com.TTT.collagemaker.photoeditor.layout.photocollage\/files\/draft\/id_1652426365760\/sticker\/frame6.png","matrix_crop":"1.4834625,0.0,-484.12207,0.0,1.4834625,-173.20215,0.0,0.0,1.0","matrix":"0.150707,0.0,111.99074,0.0,0.18840262,868.13135,0.0,0.0,1.0"},{"lock":false,"type":"frame","path_mask":"\/data\/user\/0\/com.TTT.collagemaker.photoeditor.layout.photocollage\/files\/draft\/id_1652426365760\/sticker\/mask7.png","path_frame":"\/data\/user\/0\/com.TTT.collagemaker.photoeditor.layout.photocollage\/files\/draft\/id_1652426365760\/sticker\/frame7.png","matrix_crop":"1.8181257,0.0,-997.6007,0.0,1.8181257,-1359.5339,0.0,0.0,1.0","matrix":"0.31467962,0.0,287.41968,0.0,0.18840262,868.13135,0.0,0.0,1.0"},{"lock":false,"type":"frame","path_mask":"\/data\/user\/0\/com.TTT.collagemaker.photoeditor.layout.photocollage\/files\/draft\/id_1652426365760\/sticker\/mask8.png","path_frame":"\/data\/user\/0\/com.TTT.collagemaker.photoeditor.layout.photocollage\/files\/draft\/id_1652426365760\/sticker\/frame8.png","matrix_crop":"1.4944744,0.0,-2737.9856,0.0,1.4944744,-398.70566,0.0,0.0,1.0","matrix":"0.1116775,0.0,640.4492,0.0,0.18840262,868.13135,0.0,0.0,1.0"}]}