{"name_project":"1652071159862","create_time":1652071159862,"id":"id_1652071159862","width_screen":1080,"height_screen":1486,"type_collage":3,"path_background":"\/data\/user\/0\/com.TTT.collagemaker.photoeditor.layout.photocollage\/files\/draft\/id_1652071159862\/background.png","matrix_background":"0.82555556,0.0,93.53335,0.0,0.82555556,74.29999,0.0,0.0,1.0","sticker":[{"lock":false,"type":"drawable","path_drawable":"\/data\/user\/0\/com.TTT.collagemaker.photoeditor.layout.photocollage\/files\/draft\/id_1652071159862\/sticker\/drawable0.png","matrix":"0.8484001,0.0,81.19735,0.0,0.8484001,57.492676,0.0,0.0,1.0","color_fill":0},{"lock":false,"type":"drawable","path_drawable":"\/data\/user\/0\/com.TTT.collagemaker.photoeditor.layout.photocollage\/files\/draft\/id_1652071159862\/sticker\/drawable1.png","matrix":"0.33596364,0.046166368,188.62619,-0.064609975,0.24005921,535.7097,0.0,0.0,1.0","color_fill":-1},{"lock":false,"type":"drawable","path_drawable":"\/data\/user\/0\/com.TTT.collagemaker.photoeditor.layout.photocollage\/files\/draft\/id_1652071159862\/sticker\/drawable2.png","matrix":"0.33596364,0.046166368,494.22745,-0.064609975,0.24005921,898.62836,0.0,0.0,1.0","color_fill":-1},{"lock":false,"type":"frame","path_mask":"\/data\/user\/0\/com.TTT.collagemaker.photoeditor.layout.photocollage\/files\/draft\/id_1652071159862\/sticker\/mask3.png","path_frame":"\/data\/user\/0\/com.TTT.collagemaker.photoeditor.layout.photocollage\/files\/draft\/id_1652071159862\/sticker\/frame3.png","matrix_crop":"1.050926,0.0,-487.5686,0.0,1.050926,9.459351,0.0,0.0,1.0","matrix":"0.25160193,-0.03874889,645.3066,0.03197567,0.30489728,448.25748,0.0,0.0,1.0"},{"lock":false,"type":"frame","path_mask":"\/data\/user\/0\/com.TTT.collagemaker.photoeditor.layout.photocollage\/files\/draft\/id_1652071159862\/sticker\/mask4.png","path_frame":"\/data\/user\/0\/com.TTT.collagemaker.photoeditor.layout.photocollage\/files\/draft\/id_1652071159862\/sticker\/frame4.png","matrix_crop":"1.050926,0.0,-314.40283,0.0,1.050926,0.0,0.0,0.0,1.0","matrix":"0.25160193,-0.03874889,222.49734,0.03197567,0.30489728,803.0749,0.0,0.0,1.0"},{"lock":false,"type":"frame","path_mask":"\/data\/user\/0\/com.TTT.collagemaker.photoeditor.layout.photocollage\/files\/draft\/id_1652071159862\/sticker\/mask5.png","path_frame":"\/data\/user\/0\/com.TTT.collagemaker.photoeditor.layout.photocollage\/files\/draft\/id_1652071159862\/sticker\/frame5.png","matrix_crop":"1.0,0.0,-273.0,0.0,1.0,0.0,0.0,0.0,1.0","matrix":"0.2589388,0.042537954,511.7286,-0.054168154,0.2033432,920.54395,0.0,0.0,1.0"},{"lock":false,"type":"frame","path_mask":"\/data\/user\/0\/com.TTT.collagemaker.photoeditor.layout.photocollage\/files\/draft\/id_1652071159862\/sticker\/mask6.png","path_frame":"\/data\/user\/0\/com.TTT.collagemaker.photoeditor.layout.photocollage\/files\/draft\/id_1652071159862\/sticker\/frame6.png","matrix_crop":"1.0,0.0,-273.0,0.0,1.0,0.0,0.0,0.0,1.0","matrix":"0.26024824,0.037285626,210.19211,-0.0474798,0.20437151,545.7307,0.0,0.0,1.0"}]}