{"name_project":"1638118315636","create_time":1638118315636,"id":"id_1638118315636","width_screen":1080,"height_screen":1452,"type_collage":3,"path_background":"\/data\/user\/0\/com.TTT.collagemaker.photoeditor.layout.photocollage\/files\/draft\/id_1638118315636\/background.png","matrix_background":"0.9,0.0,54.0,0.0,0.9,337.20004,0.0,0.0,1.0","sticker":[{"lock":false,"type":"drawable","path_drawable":"\/data\/user\/0\/com.TTT.collagemaker.photoeditor.layout.photocollage\/files\/draft\/id_1638118315636\/sticker\/drawable0.png","matrix":"0.8320493,0.0,54.0,0.0,0.8320493,690.5177,0.0,0.0,1.0","color_fill":0},{"lock":false,"type":"frame","path_bitmap":"\/data\/user\/0\/com.TTT.collagemaker.photoeditor.layout.photocollage\/files\/draft\/id_1638118315636\/sticker\/bitmap1.png","path_mask":"\/data\/user\/0\/com.TTT.collagemaker.photoeditor.layout.photocollage\/files\/draft\/id_1638118315636\/sticker\/mask1.png","path_frame":"\/data\/user\/0\/com.TTT.collagemaker.photoeditor.layout.photocollage\/files\/draft\/id_1638118315636\/sticker\/frame1.png","matrix_crop":"1.6886735,0.0,-229.82309,0.0,1.6886735,-55.533607,0.0,0.0,1.0","matrix":"0.3233162,0.0,397.22522,0.0,0.43252358,408.30005,0.0,0.0,1.0"},{"lock":false,"type":"drawable","path_drawable":"\/data\/user\/0\/com.TTT.collagemaker.photoeditor.layout.photocollage\/files\/draft\/id_1638118315636\/sticker\/drawable2.png","matrix":"0.58049256,0.0,428.14404,0.0,0.5797848,427.0525,0.0,0.0,1.0","color_fill":0},{"lock":false,"type":"frame","path_bitmap":"\/data\/user\/0\/com.TTT.collagemaker.photoeditor.layout.photocollage\/files\/draft\/id_1638118315636\/sticker\/bitmap3.png","path_mask":"\/data\/user\/0\/com.TTT.collagemaker.photoeditor.layout.photocollage\/files\/draft\/id_1638118315636\/sticker\/mask3.png","path_frame":"\/data\/user\/0\/com.TTT.collagemaker.photoeditor.layout.photocollage\/files\/draft\/id_1638118315636\/sticker\/frame3.png","matrix_crop":"2.2594142,0.0,0.0,0.0,2.2594142,-270.0,0.0,0.0,1.0","matrix":"0.30229187,0.0,125.1,0.0,0.26910526,690.5177,0.0,0.0,1.0"},{"lock":false,"type":"frame","path_bitmap":"\/data\/user\/0\/com.TTT.collagemaker.photoeditor.layout.photocollage\/files\/draft\/id_1638118315636\/sticker\/bitmap4.png","path_mask":"\/data\/user\/0\/com.TTT.collagemaker.photoeditor.layout.photocollage\/files\/draft\/id_1638118315636\/sticker\/mask4.png","path_frame":"\/data\/user\/0\/com.TTT.collagemaker.photoeditor.layout.photocollage\/files\/draft\/id_1638118315636\/sticker\/frame4.png","matrix_crop":"2.4161074,0.0,-260.93964,0.0,2.4161074,0.0,0.0,0.0,1.0","matrix":"0.3137777,-0.023682967,616.02,0.031379804,0.23681438,754.0503,0.0,0.0,1.0"},{"lock":false,"type":"drawable","path_drawable":"\/data\/user\/0\/com.TTT.collagemaker.photoeditor.layout.photocollage\/files\/draft\/id_1638118315636\/sticker\/drawable5.png","matrix":"0.46601453,0.30107683,54.0,-0.30107683,0.46601453,697.6807,0.0,0.0,1.0","color_fill":0},{"lock":false,"type":"drawable","path_drawable":"\/data\/user\/0\/com.TTT.collagemaker.photoeditor.layout.photocollage\/files\/draft\/id_1638118315636\/sticker\/drawable6.png","matrix":"1.3740458,0.0,715.48785,0.0,1.3740458,134.86493,0.0,0.0,1.0","color_fill":0},{"lock":false,"type":"drawable","path_drawable":"\/data\/user\/0\/com.TTT.collagemaker.photoeditor.layout.photocollage\/files\/draft\/id_1638118315636\/sticker\/drawable7.png","matrix":"1.3740458,0.0,-251.66238,0.0,1.3740458,841.3649,0.0,0.0,1.0","color_fill":0},{"lock":false,"type":"text","matrix":"1.2055817,0.0,197.14307,0.0,1.2055817,408.31476,0.0,0.0,1.0","content":"Very\nMerry\nChristmas","sizePx":60,"fontPosition":0,"fontName":"\/data\/user\/0\/com.TTT.collagemaker.photoeditor.layout.photocollage\/files\/font\/Tangerine_Regular.ttf","alignment":3,"isLower":true,"isBold":false,"isUnderline":false,"isItalic":false,"spacing":0,"lineHeight":20,"textOpacity":255,"colorShadow":0,"blurShadow":80,"offsetX":10,"offsetY":5,"shadowPosition":0,"borderPosition":0,"colorBorder":0,"sizeBorder":5,"backgroundOpacity":255,"paddingBackgroundX":0,"paddingBackgroundY":0,"roundBackground":0,"curve":0,"gradientPosition":0,"angleGradientText":0,"palettePosition":0,"colorText":-5602202,"colorPosition":0,"colorBackgroundPosition":0,"colorBackground":0,"gradientBackgroundPosition":0,"angleGradientBackground":90,"colorBorderBackground":0,"colorBorderBackgroundPosition":0,"borderBackgroundOpacity":255,"sizeBorderBackground":3,"isLock":false},{"lock":false,"type":"text","matrix":"0.5633322,-0.08969376,804.3591,0.08969376,0.5633322,545.6471,0.0,0.0,1.0","content":"It's the most\nwonderful\ntime of the\nyear!","sizePx":60,"fontPosition":0,"fontName":"\/data\/user\/0\/com.TTT.collagemaker.photoeditor.layout.photocollage\/files\/font\/Break Dust-signature.otf","alignment":2,"isLower":true,"isBold":false,"isUnderline":false,"isItalic":false,"spacing":0,"lineHeight":20,"textOpacity":255,"colorShadow":0,"blurShadow":80,"offsetX":10,"offsetY":5,"shadowPosition":0,"borderPosition":0,"colorBorder":0,"sizeBorder":5,"backgroundOpacity":255,"paddingBackgroundX":0,"paddingBackgroundY":0,"roundBackground":0,"curve":0,"gradientPosition":0,"angleGradientText":0,"palettePosition":0,"colorText":-5274536,"colorPosition":0,"colorBackgroundPosition":0,"colorBackground":0,"gradientBackgroundPosition":0,"angleGradientBackground":90,"colorBorderBackground":0,"colorBorderBackgroundPosition":0,"borderBackgroundOpacity":255,"sizeBorderBackground":3,"isLock":false},{"lock":false,"type":"drawable","path_drawable":"\/data\/user\/0\/com.TTT.collagemaker.photoeditor.layout.photocollage\/files\/draft\/id_1638118315636\/sticker\/drawable10.png","matrix":"1.008155,9.645196E-10,704.52094,-9.645196E-10,1.008155,492.7247,0.0,0.0,1.0","color_fill":0},{"lock":false,"type":"drawable","path_drawable":"\/data\/user\/0\/com.TTT.collagemaker.photoeditor.layout.photocollage\/files\/draft\/id_1638118315636\/sticker\/drawable11.png","matrix":"0.042113695,0.0,909.4172,0.0,0.042113695,795.88214,0.0,0.0,1.0","color_fill":-11049663},{"lock":false,"type":"drawable","path_drawable":"\/data\/user\/0\/com.TTT.collagemaker.photoeditor.layout.photocollage\/files\/draft\/id_1638118315636\/sticker\/drawable12.png","matrix":"0.042113695,0.0,909.4172,0.0,0.042113695,853.39233,0.0,0.0,1.0","color_fill":-3830222},{"lock":false,"type":"drawable","path_drawable":"\/data\/user\/0\/com.TTT.collagemaker.photoeditor.layout.photocollage\/files\/draft\/id_1638118315636\/sticker\/drawable13.png","matrix":"0.042113695,0.0,909.4172,0.0,0.042113695,910.06384,0.0,0.0,1.0","color_fill":-2895933}]}